,team1,team1_roster,team2,team2_roster,bo,match_score,map1,map1_score,map2,map2_score,map3,map3_score,map4,map4_score,map5,map5_score,winner,hltv_id
0,77,83,75,1,3,7,4,40,2,12,3,14,5,45,5,45,77,2382619
1,77,83,47,19,3,7,4,16,3,39,8,14,5,45,5,45,77,2382618
2,77,83,52,8,3,6,4,17,6,8,5,45,5,45,5,45,77,2382616
3,77,83,76,146,3,6,8,14,2,14,5,45,5,45,5,45,77,2382608
4,77,83,1,102,1,3,6,10,5,45,5,45,5,45,5,45,77,2382596
5,77,83,53,0,1,3,2,14,5,45,5,45,5,45,5,45,77,2382593
6,77,83,47,19,5,9,2,8,4,17,3,16,5,45,5,45,77,2382695
7,77,83,31,168,3,7,2,15,8,41,3,8,5,45,5,45,77,2382694
8,77,83,75,1,3,7,3,7,6,42,4,8,5,45,5,45,77,2382681
9,77,83,35,67,3,6,4,17,6,7,5,45,5,45,5,45,77,2382675
10,77,83,42,141,3,6,3,13,2,8,5,45,5,45,5,45,77,2382375
11,77,83,31,168,5,11,3,44,2,14,8,14,4,18,6,16,77,2381918
12,77,83,71,123,3,6,4,16,6,17,5,45,5,45,5,45,77,2381917
13,77,83,47,19,3,7,4,44,3,17,8,16,5,45,5,45,77,2381911
14,77,83,78,53,3,6,3,15,2,14,5,45,5,45,5,45,77,2381906
15,77,83,31,168,5,11,3,10,2,4,8,17,4,2,6,32,77,2381773
16,77,83,75,1,3,6,4,11,6,11,5,45,5,45,5,45,77,2381772
17,77,83,31,168,3,6,4,20,3,16,5,45,5,45,5,45,77,2381768
18,77,83,43,61,3,6,4,13,6,16,5,45,5,45,5,45,77,2381759
19,77,83,32,52,3,6,1,10,6,16,5,45,5,45,5,45,77,2381641
20,77,83,47,19,5,11,3,5,4,3,2,3,6,15,8,15,77,2380134
21,77,83,71,123,3,7,1,14,6,40,4,7,5,45,5,45,77,2380132
22,77,83,47,19,3,6,4,8,2,8,5,45,5,45,5,45,77,2380126
23,77,83,76,146,3,6,1,14,3,13,5,45,5,45,5,45,77,2380115
24,77,83,8,116,3,6,3,12,2,14,5,45,5,45,5,45,77,2380002
25,77,83,47,19,5,9,2,17,6,12,3,13,5,45,5,45,77,2380078
26,77,83,75,1,3,7,1,12,6,18,3,10,5,45,5,45,77,2380076
27,77,83,43,160,3,6,1,17,2,17,5,45,5,45,5,45,77,2380072
28,77,83,47,19,3,6,3,14,2,15,5,45,5,45,5,45,77,2380059
29,77,83,1,102,3,6,8,13,2,15,5,45,5,45,5,45,77,2380051
30,77,83,46,107,3,7,1,42,3,11,8,16,5,45,5,45,77,2380040
31,77,83,71,123,5,9,2,14,6,13,4,8,5,45,5,45,77,2378917
32,77,83,75,1,3,6,4,15,6,17,5,45,5,45,5,45,77,2378915
33,77,83,76,146,3,6,1,16,3,13,5,45,5,45,5,45,77,2378910
34,77,83,30,108,3,7,6,11,1,2,2,25,5,45,5,45,77,2378899
35,77,83,1,37,3,6,3,25,6,17,5,45,5,45,5,45,77,2378782
36,77,83,76,146,3,6,8,8,3,14,5,45,5,45,5,45,77,2378228
37,77,83,49,72,3,6,4,8,2,17,5,45,5,45,5,45,77,2378211
38,77,82,46,140,3,6,4,11,1,13,5,45,5,45,5,45,77,2377717
39,77,82,29,121,1,3,4,20,5,45,5,45,5,45,5,45,77,2377705
40,77,82,35,45,1,3,4,15,5,45,5,45,5,45,5,45,77,2377698
41,77,82,30,109,3,6,4,13,2,8,5,45,5,45,5,45,77,2377014
42,77,82,15,56,1,3,6,11,5,45,5,45,5,45,5,45,77,2377002
43,77,82,35,45,1,3,3,16,5,45,5,45,5,45,5,45,77,2376939
44,77,81,47,20,3,6,2,14,4,14,5,45,5,45,5,45,77,2376881
45,77,81,43,161,3,7,1,2,2,11,6,8,5,45,5,45,77,2376878
46,77,82,75,1,3,6,3,26,6,16,5,45,5,45,5,45,77,2376493
47,77,82,3,111,1,3,4,11,5,45,5,45,5,45,5,45,77,2376223
48,77,82,43,161,3,6,1,19,6,8,5,45,5,45,5,45,77,2375772
49,77,82,8,116,3,6,3,5,2,12,5,45,5,45,5,45,77,2375767
50,77,82,43,161,3,7,1,2,6,13,2,17,5,45,5,45,77,2375413
51,77,82,29,121,3,6,9,15,2,11,5,45,5,45,5,45,77,2375394
52,77,82,6,10,3,6,3,8,6,15,5,45,5,45,5,45,77,2375365
53,77,82,52,8,5,10,6,21,2,2,4,32,3,17,5,45,77,2374326
54,77,82,66,85,3,6,6,14,2,13,5,45,5,45,5,45,77,2374325
55,77,82,47,20,3,6,2,14,9,20,5,45,5,45,5,45,77,2374320
56,77,82,30,109,3,7,3,43,2,19,1,17,5,45,5,45,77,2374315
57,77,82,29,121,3,6,3,11,4,10,5,45,5,45,5,45,77,2374305
58,77,82,8,105,3,7,9,2,4,7,6,15,5,45,5,45,77,2373792
59,77,82,8,105,3,6,6,15,2,8,5,45,5,45,5,45,77,2373781
60,77,82,35,64,3,7,1,2,4,26,2,13,5,45,5,45,77,2373773
61,77,82,45,59,3,6,9,8,2,13,5,45,5,45,5,45,77,2373273
62,77,82,30,109,3,7,3,39,2,7,4,14,5,45,5,45,77,2372742
63,77,82,33,50,3,7,3,12,1,44,4,13,5,45,5,45,77,2372740
64,77,82,71,123,3,6,2,14,4,8,5,45,5,45,5,45,77,2372349
65,77,82,37,166,3,6,6,16,2,10,5,45,5,45,5,45,77,2372347
66,77,82,33,157,3,6,2,14,1,13,5,45,5,45,5,45,77,2372330
67,77,82,50,35,1,3,6,19,5,45,5,45,5,45,5,45,77,2372325
68,77,82,8,105,3,7,4,44,9,20,3,16,5,45,5,45,77,2371551
69,77,82,75,1,3,6,4,7,6,14,5,45,5,45,5,45,77,2371500
70,77,82,15,56,3,6,4,12,1,17,5,45,5,45,5,45,77,2371496
71,77,82,70,139,3,6,9,8,4,11,5,45,5,45,5,45,77,2371490
72,77,82,18,14,3,6,3,16,1,10,5,45,5,45,5,45,77,2370721
73,77,82,19,39,3,7,3,25,9,42,1,7,5,45,5,45,77,2370654
74,77,82,38,130,1,3,7,17,5,45,5,45,5,45,5,45,77,2370647
75,77,82,75,1,1,3,6,17,5,45,5,45,5,45,5,45,77,2370637
76,77,82,22,144,3,6,9,14,6,12,5,45,5,45,5,45,77,2369942
77,77,82,37,166,1,3,7,11,5,45,5,45,5,45,5,45,77,2369931
78,77,82,35,68,1,3,6,10,5,45,5,45,5,45,5,45,77,2369916
79,77,82,8,101,3,7,3,2,4,21,6,14,5,45,5,45,77,2368867
80,77,82,31,16,3,7,6,22,9,17,1,16,5,45,5,45,77,2368866
81,77,82,57,43,3,6,4,5,3,15,5,45,5,45,5,45,77,2368862
82,77,83,42,141,1,0,3,38,5,45,5,45,5,45,5,45,42,2382432
83,77,83,27,163,3,1,1,44,4,3,5,45,5,45,5,45,27,2378456
84,77,82,30,109,3,4,6,14,4,43,1,42,5,45,5,45,30,2377732
85,77,81,33,156,3,4,2,2,3,15,4,43,5,45,5,45,33,2376883
86,77,81,71,123,3,1,1,44,4,3,5,45,5,45,5,45,71,2376877
87,77,82,47,20,3,4,4,15,6,3,3,2,5,45,5,45,47,2376506
88,77,82,37,133,3,1,4,3,1,40,5,45,5,45,5,45,37,2376502
89,77,82,33,156,3,4,1,17,2,42,4,18,5,45,5,45,33,2375775
90,77,82,27,30,3,4,1,18,6,13,3,29,5,45,5,45,27,2375423
91,77,82,76,148,3,4,4,32,3,42,2,40,5,45,5,45,76,2373286
92,77,82,76,148,3,4,3,13,2,3,1,2,5,45,5,45,76,2372738
93,77,82,33,157,3,4,3,22,1,20,6,43,5,45,5,45,33,2372350
94,77,82,3,111,3,1,2,44,1,18,5,45,5,45,5,45,3,2372343
95,77,82,47,20,5,2,3,44,4,43,6,40,5,45,5,45,47,2371552
96,77,82,30,109,3,4,6,42,9,13,3,43,5,45,5,45,30,2370725
97,77,82,27,30,1,0,3,2,5,45,5,45,5,45,5,45,27,2370630
98,77,82,18,14,3,4,7,43,3,16,1,40,5,45,5,45,18,2369936
99,77,82,37,166,3,4,4,18,1,8,9,9,5,45,5,45,37,2369495
100,77,82,22,144,3,4,9,41,1,12,6,43,5,45,5,45,22,2369412
101,77,82,8,101,3,4,4,2,9,14,7,39,5,45,5,45,8,2368864
102,47,19,71,123,3,7,4,30,2,17,6,7,5,45,5,45,47,2382614
103,47,19,42,141,3,7,0,39,3,8,6,7,5,45,5,45,47,2382610
104,47,19,9,163,3,7,8,7,3,3,4,14,5,45,5,45,47,2382607
105,47,19,43,61,3,7,2,16,6,39,4,31,5,45,5,45,47,2382602
106,47,19,75,1,3,6,3,8,6,8,5,45,5,45,5,45,47,2382693
107,47,19,31,168,3,6,2,12,4,19,5,45,5,45,5,45,47,2382689
108,47,19,43,61,3,6,3,16,8,10,5,45,5,45,5,45,47,2382683
109,47,19,11,28,3,6,2,17,4,17,5,45,5,45,5,45,47,2382379
110,47,19,30,108,3,6,2,8,4,10,5,45,5,45,5,45,47,2381914
111,47,19,82,95,3,7,6,17,3,3,2,5,5,45,5,45,47,2381907
112,47,19,75,1,3,6,4,17,6,15,5,45,5,45,5,45,47,2381766
113,47,19,35,63,3,6,3,14,6,20,5,45,5,45,5,45,47,2381755
114,47,19,12,158,3,7,3,41,4,17,0,16,5,45,5,45,47,2381637
115,47,19,27,163,3,6,6,8,2,7,5,45,5,45,5,45,47,2380133
116,47,19,33,49,3,6,3,16,6,11,5,45,5,45,5,45,47,2380131
117,47,19,71,123,3,7,2,38,6,20,0,35,5,45,5,45,47,2380114
118,47,19,31,132,3,6,8,8,0,7,5,45,5,45,5,45,47,2380001
119,47,19,71,123,3,7,6,21,2,42,0,7,5,45,5,45,47,2380077
120,47,19,33,49,3,7,3,3,6,16,0,8,5,45,5,45,47,2380074
121,47,19,43,160,3,6,0,16,6,12,5,45,5,45,5,45,47,2380065
122,47,19,31,132,3,6,8,15,6,17,5,45,5,45,5,45,47,2380052
123,47,19,29,121,3,7,8,17,3,9,6,8,5,45,5,45,47,2380042
124,47,19,31,132,5,10,2,14,4,39,6,8,0,17,5,45,47,2379366
125,47,19,8,116,3,7,3,21,6,43,0,13,5,45,5,45,47,2379363
126,47,19,82,96,3,6,3,8,4,8,5,45,5,45,5,45,47,2379359
127,47,19,76,146,3,7,0,16,3,9,4,10,5,45,5,45,47,2379357
128,47,19,1,102,3,6,3,17,6,16,5,45,5,45,5,45,47,2379334
129,47,19,12,158,3,6,0,20,4,13,5,45,5,45,5,45,47,2379326
130,47,20,75,1,3,6,0,21,6,17,5,45,5,45,5,45,47,2377729
131,47,20,46,140,3,6,4,13,6,14,5,45,5,45,5,45,47,2377726
132,47,20,1,37,3,6,2,8,6,8,5,45,5,45,5,45,47,2377720
133,47,20,82,98,1,3,6,14,5,45,5,45,5,45,5,45,47,2377700
134,47,20,52,8,3,7,4,39,2,16,3,15,5,45,5,45,47,2377012
135,47,20,68,162,1,3,4,11,5,45,5,45,5,45,5,45,47,2377004
136,47,20,53,0,1,3,3,11,5,45,5,45,5,45,5,45,47,2376940
137,47,20,30,109,3,6,3,20,6,8,5,45,5,45,5,45,47,2376873
138,47,20,29,121,3,6,6,11,4,11,5,45,5,45,5,45,47,2376508
139,47,20,77,82,3,7,4,42,6,8,3,7,5,45,5,45,47,2376506
140,47,20,30,109,3,7,2,15,4,18,6,15,5,45,5,45,47,2376501
141,47,20,19,39,3,6,9,19,3,19,5,45,5,45,5,45,47,2376497
142,47,20,82,98,1,3,2,8,5,45,5,45,5,45,5,45,47,2376222
143,47,20,81,74,3,6,9,11,4,13,5,45,5,45,5,45,47,2375406
144,47,20,65,87,3,7,4,43,9,24,3,14,5,45,5,45,47,2375359
145,47,20,82,98,3,7,9,4,4,14,6,15,5,45,5,45,47,2375017
146,47,20,27,30,3,6,3,16,6,11,5,45,5,45,5,45,47,2375011
147,47,20,33,156,3,6,2,17,4,16,5,45,5,45,5,45,47,2374322
148,47,20,19,39,3,6,9,17,6,8,5,45,5,45,5,45,47,2374314
149,47,20,31,142,3,7,6,14,9,3,0,17,5,45,5,45,47,2374304
150,47,20,29,121,3,7,6,15,4,3,3,15,5,45,5,45,47,2373284
151,47,20,19,39,3,7,9,22,0,8,6,14,5,45,5,45,47,2372333
152,47,20,71,123,5,9,9,8,0,17,4,12,5,45,5,45,47,2372004
153,47,20,37,133,3,6,2,17,4,16,5,45,5,45,5,45,47,2372003
154,47,20,76,148,3,7,2,12,9,9,4,10,5,45,5,45,47,2371995
155,47,20,15,56,3,6,2,8,9,19,5,45,5,45,5,45,47,2371992
156,47,20,77,82,5,9,3,17,4,16,6,13,5,45,5,45,47,2371552
157,47,20,19,39,3,7,9,43,6,17,0,12,5,45,5,45,47,2371550
158,47,20,33,50,3,7,3,38,9,16,6,12,5,45,5,45,47,2371546
159,47,20,43,115,3,6,6,8,4,15,5,45,5,45,5,45,47,2371516
160,47,20,35,65,3,6,6,6,4,19,5,45,5,45,5,45,47,2371512
161,47,20,14,2,3,6,9,11,4,16,5,45,5,45,5,45,47,2371507
162,47,20,33,50,3,7,6,16,0,42,7,7,5,45,5,45,47,2370929
163,47,20,43,115,3,6,3,8,4,14,5,45,5,45,5,45,47,2370918
164,47,20,29,84,3,7,6,43,9,21,4,17,5,45,5,45,47,2370913
165,47,20,73,73,1,3,7,8,5,45,5,45,5,45,5,45,47,2370906
166,47,20,19,39,3,6,7,6,0,10,5,45,5,45,5,45,47,2370648
167,47,20,27,30,1,3,9,8,5,45,5,45,5,45,5,45,47,2370636
168,47,20,21,164,1,3,7,8,5,45,5,45,5,45,5,45,47,2370628
169,47,20,71,123,3,6,9,7,4,8,5,45,5,45,5,45,47,2369938
170,47,20,21,164,1,3,7,16,5,45,5,45,5,45,5,45,47,2369929
171,47,20,36,153,1,3,0,21,5,45,5,45,5,45,5,45,47,2369917
172,47,20,22,144,3,6,9,13,0,11,5,45,5,45,5,45,47,2369501
173,47,20,35,68,3,6,7,21,0,14,5,45,5,45,5,45,47,2369498
174,47,20,18,14,3,7,7,43,4,16,0,32,5,45,5,45,47,2369415
175,47,20,60,9,3,7,0,10,3,43,6,17,5,45,5,45,47,2369284
176,47,20,37,166,1,3,0,19,5,45,5,45,5,45,5,45,47,2369261
177,47,20,23,48,1,3,4,16,5,45,5,45,5,45,5,45,47,2369220
178,47,19,77,83,3,4,4,43,3,12,8,41,5,45,5,45,77,2382618
179,47,19,30,40,1,0,0,2,5,45,5,45,5,45,5,45,30,2382592
180,47,19,76,146,1,0,4,3,5,45,5,45,5,45,5,45,76,2382433
181,47,19,77,83,5,2,2,3,4,44,3,43,5,45,5,45,77,2382695
182,47,19,31,168,3,1,6,18,2,41,5,45,5,45,5,45,31,2381916
183,47,19,77,83,3,4,4,17,3,44,8,43,5,45,5,45,77,2381911
184,47,19,31,168,3,1,2,38,6,41,5,45,5,45,5,45,31,2381771
185,47,19,77,83,5,8,3,0,4,8,2,8,6,42,8,42,77,2380134
186,47,19,77,83,3,1,4,3,2,3,5,45,5,45,5,45,77,2380126
187,47,19,77,83,5,2,2,44,6,39,3,40,5,45,5,45,77,2380078
188,47,19,77,83,3,1,3,41,2,42,5,45,5,45,5,45,77,2380059
189,47,19,31,132,3,4,2,16,4,2,0,43,5,45,5,45,31,2379350
190,47,19,30,108,3,1,0,3,4,42,5,45,5,45,5,45,30,2379346
191,47,21,43,160,3,1,6,42,0,42,5,45,5,45,5,45,43,2378902
192,47,21,35,63,3,1,3,44,4,3,5,45,5,45,5,45,35,2378786
193,47,20,15,13,3,4,2,26,6,42,4,3,5,45,5,45,15,2378218
194,47,20,71,123,3,4,6,15,0,39,4,42,5,45,5,45,71,2377733
195,47,20,30,109,1,0,3,2,5,45,5,45,5,45,5,45,30,2377715
196,47,20,75,1,1,0,4,9,5,45,5,45,5,45,5,45,75,2377707
197,47,20,77,81,3,1,2,41,4,41,5,45,5,45,5,45,77,2376881
198,47,20,8,116,3,1,9,42,6,44,5,45,5,45,5,45,8,2376875
199,47,20,52,8,5,5,3,3,2,28,4,14,0,3,5,45,52,2376509
200,47,20,29,121,3,4,6,43,4,13,2,40,5,45,5,45,29,2376489
201,47,20,19,39,3,1,9,43,0,2,5,45,5,45,5,45,19,2375411
202,47,20,19,39,3,1,9,43,6,41,5,45,5,45,5,45,19,2375399
203,47,20,38,131,3,1,2,18,3,9,5,45,5,45,5,45,38,2375392
204,47,20,27,30,3,1,2,2,6,23,5,45,5,45,5,45,27,2375023
205,47,20,71,123,3,4,6,44,4,21,0,3,5,45,5,45,71,2375021
206,47,20,52,8,3,1,3,18,4,3,5,45,5,45,5,45,52,2374324
207,47,20,77,82,3,1,2,41,9,9,5,45,5,45,5,45,77,2374320
208,47,20,52,8,3,4,2,6,6,43,4,40,5,45,5,45,52,2373288
209,47,20,33,157,3,4,3,43,6,13,0,2,5,45,5,45,33,2372338
210,47,20,3,111,1,0,6,44,5,45,5,45,5,45,5,45,3,2372322
211,47,20,30,109,3,1,7,2,6,41,5,45,5,45,5,45,30,2370931
212,47,20,33,50,3,1,3,44,9,41,5,45,5,45,5,45,33,2370724
213,47,20,30,109,3,1,6,38,0,3,5,45,5,45,5,45,30,2369505
214,47,20,71,123,3,1,4,28,0,41,5,45,5,45,5,45,71,2369282
215,47,20,27,30,3,4,3,18,9,7,6,43,5,45,5,45,27,2369273
216,75,1,33,154,3,6,0,14,2,37,5,45,5,45,5,45,75,2382611
217,75,1,9,163,3,6,2,8,4,14,5,45,5,45,5,45,75,2382691
218,75,1,33,154,3,6,3,12,2,15,5,45,5,45,5,45,75,2382676
219,75,1,29,46,3,6,1,15,4,15,5,45,5,45,5,45,75,2382377
220,75,1,52,8,3,6,3,8,4,8,5,45,5,45,5,45,75,2382231
221,75,1,29,46,3,7,4,12,1,42,3,17,5,45,5,45,75,2382203
222,75,1,29,121,3,6,4,17,6,8,5,45,5,45,5,45,75,2381321
223,75,1,52,8,3,6,4,14,0,14,5,45,5,45,5,45,75,2380073
224,75,1,33,49,3,7,0,44,2,19,4,7,5,45,5,45,75,2380049
225,75,1,47,20,1,3,4,20,5,45,5,45,5,45,5,45,75,2377707
226,75,1,33,156,1,3,3,7,5,45,5,45,5,45,5,45,75,2377696
227,75,1,71,123,3,6,0,20,1,12,5,45,5,45,5,45,75,2374300
228,75,1,9,134,1,3,0,12,5,45,5,45,5,45,5,45,75,2373605
229,75,1,9,134,3,6,3,16,6,7,5,45,5,45,5,45,75,2372468
230,75,1,33,50,3,6,0,12,1,15,5,45,5,45,5,45,75,2371497
231,75,1,31,142,3,7,4,11,6,44,0,8,5,45,5,45,75,2371492
232,75,1,29,84,1,3,4,21,5,45,5,45,5,45,5,45,75,2369404
233,75,1,77,83,3,4,4,13,2,39,3,41,5,45,5,45,77,2382619
234,75,1,29,46,1,0,3,3,5,45,5,45,5,45,5,45,29,2382436
235,75,1,47,19,3,1,3,3,6,3,5,45,5,45,5,45,47,2382693
236,75,1,77,83,3,4,3,2,6,15,4,3,5,45,5,45,77,2382681
237,75,1,9,163,3,1,4,40,1,18,5,45,5,45,5,45,9,2382244
238,75,1,77,83,3,1,4,38,6,38,5,45,5,45,5,45,77,2381772
239,75,1,47,19,3,1,4,44,6,42,5,45,5,45,5,45,47,2381766
240,75,1,31,132,3,4,4,17,2,41,0,18,5,45,5,45,31,2381324
241,75,1,33,49,3,1,0,3,2,39,5,45,5,45,5,45,33,2380129
242,75,1,52,8,3,4,2,42,3,6,4,9,5,45,5,45,52,2380119
243,75,1,77,83,3,4,1,39,6,21,3,28,5,45,5,45,77,2380076
244,75,1,71,123,3,1,1,41,2,3,5,45,5,45,5,45,71,2380057
245,75,1,77,83,3,1,4,42,6,44,5,45,5,45,5,45,77,2378915
246,75,1,52,8,3,1,4,38,0,44,5,45,5,45,5,45,52,2378912
247,75,1,47,20,3,1,0,18,6,44,5,45,5,45,5,45,47,2377729
248,75,1,77,82,3,1,3,23,6,43,5,45,5,45,5,45,77,2376493
249,75,1,71,123,3,4,0,17,1,39,6,3,5,45,5,45,71,2375377
250,75,1,29,121,1,0,6,44,5,45,5,45,5,45,5,45,29,2373282
251,75,1,33,156,3,1,0,3,3,9,5,45,5,45,5,45,33,2373275
252,75,1,31,142,3,1,2,3,4,44,5,45,5,45,5,45,31,2373075
253,75,1,9,134,1,0,6,2,5,45,5,45,5,45,5,45,9,2373070
254,75,1,77,82,3,1,4,2,6,41,5,45,5,45,5,45,77,2371500
255,75,1,77,82,1,0,6,44,5,45,5,45,5,45,5,45,77,2370637
256,75,1,52,8,1,0,4,2,5,45,5,45,5,45,5,45,52,2370629
257,75,1,71,123,3,1,4,28,0,18,5,45,5,45,5,45,71,2369475
258,71,123,52,8,3,6,1,8,8,11,5,45,5,45,5,45,71,2382600
259,71,123,44,26,1,3,2,15,5,45,5,45,5,45,5,45,71,2382590
260,71,123,82,95,1,3,2,11,5,45,5,45,5,45,5,45,71,2382434
261,71,123,8,137,5,10,2,13,6,7,4,40,8,20,5,45,71,2382251
262,71,123,29,46,3,7,8,42,6,17,4,15,5,45,5,45,71,2382249
263,71,123,54,86,3,6,8,16,2,8,5,45,5,45,5,45,71,2382247
264,71,123,8,137,3,6,2,15,0,13,5,45,5,45,5,45,71,2382233
265,71,123,54,86,3,6,8,20,2,12,5,45,5,45,5,45,71,2382225
266,71,123,35,63,3,6,4,8,6,8,5,45,5,45,5,45,71,2382207
267,71,123,78,53,3,6,1,15,2,10,5,45,5,45,5,45,71,2381915
268,71,123,32,52,3,6,4,10,6,17,5,45,5,45,5,45,71,2381908
269,71,123,52,8,3,6,2,15,1,14,5,45,5,45,5,45,71,2380130
270,71,123,76,146,3,6,0,17,1,17,5,45,5,45,5,45,71,2380127
271,71,123,30,108,3,6,1,16,6,17,5,45,5,45,5,45,71,2380123
272,71,123,74,17,3,6,1,16,2,12,5,45,5,45,5,45,71,2380000
273,71,123,27,163,3,7,6,24,1,2,4,15,5,45,5,45,71,2380075
274,71,123,75,1,3,6,1,14,2,8,5,45,5,45,5,45,71,2380057
275,71,123,66,5,3,6,2,6,8,16,5,45,5,45,5,45,71,2380053
276,71,123,73,12,3,6,1,8,6,14,5,45,5,45,5,45,71,2380039
277,71,123,52,8,3,6,4,16,2,21,5,45,5,45,5,45,71,2378916
278,71,123,76,147,3,6,8,10,0,17,5,45,5,45,5,45,71,2378914
279,71,123,35,63,3,7,1,3,0,14,6,12,5,45,5,45,71,2378911
280,71,123,43,160,3,6,6,7,2,16,5,45,5,45,5,45,71,2378908
281,71,123,8,116,3,6,6,13,2,12,5,45,5,45,5,45,71,2378784
282,71,123,27,163,5,10,1,18,6,14,2,11,4,16,5,45,71,2378460
283,71,123,52,8,3,6,2,17,0,32,5,45,5,45,5,45,71,2378459
284,71,123,37,57,3,6,1,8,6,11,5,45,5,45,5,45,71,2378457
285,71,123,32,138,3,6,1,11,2,6,5,45,5,45,5,45,71,2378230
286,71,123,81,99,3,6,8,7,6,12,5,45,5,45,5,45,71,2378207
287,71,123,30,109,3,7,6,16,0,41,2,8,5,45,5,45,71,2377735
288,71,123,47,20,3,7,6,42,0,12,4,15,5,45,5,45,71,2377733
289,71,123,43,161,3,6,1,17,2,8,5,45,5,45,5,45,71,2377730
290,71,123,37,133,3,7,0,21,4,2,2,15,5,45,5,45,71,2377724
291,71,123,52,8,1,3,4,10,5,45,5,45,5,45,5,45,71,2377712
292,71,123,78,53,1,3,0,14,5,45,5,45,5,45,5,45,71,2377706
293,71,123,54,159,3,6,4,13,9,8,5,45,5,45,5,45,71,2377053
294,71,123,69,27,3,6,4,16,9,14,5,45,5,45,5,45,71,2377051
295,71,123,9,125,1,3,2,15,5,45,5,45,5,45,5,45,71,2377035
296,71,123,10,78,1,3,2,6,5,45,5,45,5,45,5,45,71,2376947
297,71,123,8,116,3,7,2,13,9,38,0,13,5,45,5,45,71,2376882
298,71,123,30,109,3,6,4,7,1,26,5,45,5,45,5,45,71,2376880
299,71,123,77,81,3,6,1,17,4,8,5,45,5,45,5,45,71,2376877
300,71,123,8,116,3,7,0,38,2,13,4,8,5,45,5,45,71,2375771
301,71,123,38,131,3,6,6,20,2,11,5,45,5,45,5,45,71,2375420
302,71,123,29,121,3,6,6,17,1,8,5,45,5,45,5,45,71,2375416
303,71,123,1,37,3,7,1,41,0,14,6,10,5,45,5,45,71,2375381
304,71,123,75,1,3,7,0,44,1,12,6,8,5,45,5,45,71,2375377
305,71,123,78,53,3,6,0,8,6,20,5,45,5,45,5,45,71,2375356
306,71,123,27,30,5,9,6,15,9,16,4,17,5,45,5,45,71,2375024
307,71,123,47,20,3,7,6,17,4,18,0,8,5,45,5,45,71,2375021
308,71,123,29,121,3,6,4,12,1,6,5,45,5,45,5,45,71,2375018
309,71,123,31,142,3,6,6,15,2,8,5,45,5,45,5,45,71,2375014
310,71,123,19,39,3,7,2,22,1,14,6,7,5,45,5,45,71,2373791
311,71,123,37,167,3,6,9,8,1,14,5,45,5,45,5,45,71,2373779
312,71,123,57,44,3,6,2,11,4,17,5,45,5,45,5,45,71,2373771
313,71,123,46,106,3,6,6,12,9,11,5,45,5,45,5,45,71,2373270
314,71,123,52,8,5,10,0,17,2,17,4,39,6,14,5,45,71,2372746
315,71,123,76,148,3,6,0,12,2,8,5,45,5,45,5,45,71,2372741
316,71,123,33,51,3,7,0,43,2,15,1,12,5,45,5,45,71,2372739
317,71,123,30,109,3,6,1,8,6,7,5,45,5,45,5,45,71,2372344
318,71,123,32,80,1,3,0,6,5,45,5,45,5,45,5,45,71,2372328
319,71,123,52,8,3,6,0,12,6,16,5,45,5,45,5,45,71,2372336
320,71,123,31,142,3,6,1,15,9,10,5,45,5,45,5,45,71,2372002
321,71,123,37,133,3,6,6,8,4,16,5,45,5,45,5,45,71,2371999
322,71,123,9,134,3,6,2,16,0,15,5,45,5,45,5,45,71,2371997
323,71,123,52,8,3,7,6,9,0,17,4,15,5,45,5,45,71,2370650
324,71,123,38,130,1,3,4,10,5,45,5,45,5,45,5,45,71,2370642
325,71,123,18,14,1,3,0,15,5,45,5,45,5,45,5,45,71,2370634
326,71,123,49,71,3,7,9,43,4,12,6,16,5,45,5,45,71,2370253
327,71,123,12,54,3,6,1,8,9,11,5,45,5,45,5,45,71,2370250
328,71,123,24,129,3,6,9,17,4,14,5,45,5,45,5,45,71,2370246
329,71,123,37,166,3,6,1,16,6,8,5,45,5,45,5,45,71,2369944
330,71,123,8,101,1,3,9,8,5,45,5,45,5,45,5,45,71,2369930
331,71,123,22,144,1,3,7,5,5,45,5,45,5,45,5,45,71,2369918
332,71,123,30,109,5,9,6,17,4,8,7,11,5,45,5,45,71,2369507
333,71,123,31,16,3,6,1,16,0,11,5,45,5,45,5,45,71,2369506
334,71,123,30,109,3,6,4,7,6,13,5,45,5,45,5,45,71,2369493
335,71,123,19,39,3,6,0,11,7,13,5,45,5,45,5,45,71,2369489
336,71,123,52,8,3,7,0,15,1,3,4,12,5,45,5,45,71,2369410
337,71,123,75,1,3,6,4,10,0,21,5,45,5,45,5,45,71,2369475
338,71,123,7,29,1,3,0,5,5,45,5,45,5,45,5,45,71,2369405
339,71,123,47,20,3,6,4,10,0,14,5,45,5,45,5,45,71,2369282
340,71,123,60,9,1,3,6,21,5,45,5,45,5,45,5,45,71,2369270
341,71,123,26,113,1,3,4,21,5,45,5,45,5,45,5,45,71,2369265
342,71,123,47,19,3,4,4,34,2,44,6,2,5,45,5,45,47,2382614
343,71,123,77,83,3,1,4,43,6,44,5,45,5,45,5,45,77,2381917
344,71,123,31,168,3,4,4,12,0,41,2,4,5,45,5,45,31,2381913
345,71,123,77,83,3,4,1,41,6,13,4,2,5,45,5,45,77,2380132
346,71,123,47,19,3,4,2,11,6,9,0,33,5,45,5,45,47,2380114
347,71,123,47,19,3,4,6,18,2,15,0,2,5,45,5,45,47,2380077
348,71,123,77,83,5,2,2,41,6,40,4,3,5,45,5,45,77,2378917
349,71,123,52,8,3,4,4,43,2,8,6,18,5,45,5,45,52,2378903
350,71,123,29,121,1,0,2,41,5,45,5,45,5,45,5,45,29,2377699
351,71,123,33,156,3,4,0,44,4,13,6,18,5,45,5,45,33,2377047
352,71,123,59,122,1,0,1,3,5,45,5,45,5,45,5,45,59,2377027
353,71,123,33,156,5,2,4,42,1,40,2,42,5,45,5,45,33,2376884
354,71,123,33,156,3,1,1,9,4,2,5,45,5,45,5,45,33,2376879
355,71,123,33,156,3,1,2,44,4,9,5,45,5,45,5,45,33,2375773
356,71,123,43,161,3,4,2,11,6,3,1,2,5,45,5,45,43,2375768
357,71,123,52,8,3,1,2,40,4,44,5,45,5,45,5,45,52,2375424
358,71,123,46,106,3,4,0,10,6,42,1,9,5,45,5,45,46,2375370
359,71,123,33,156,3,1,6,38,4,1,5,45,5,45,5,45,33,2374309
360,71,123,75,1,3,1,0,9,1,39,5,45,5,45,5,45,75,2374300
361,71,123,33,156,3,4,4,43,6,21,0,40,5,45,5,45,33,2373285
362,71,123,77,82,3,1,2,41,4,3,5,45,5,45,5,45,77,2372349
363,71,123,47,20,5,2,9,3,0,44,4,39,5,45,5,45,47,2372004
364,71,123,30,109,3,4,4,42,6,25,9,18,5,45,5,45,30,2370722
365,71,123,47,20,3,1,9,2,4,3,5,45,5,45,5,45,47,2369938
366,71,91,30,109,3,1,1,39,6,39,5,45,5,45,5,45,30,2368871
367,71,91,43,115,3,4,6,18,1,7,0,2,5,45,5,45,43,2368869
368,71,123,41,69,1,0,0,44,5,45,5,45,5,45,5,45,41,2369221
369,31,168,57,24,3,7,2,3,6,7,4,14,5,45,5,45,31,2382577
370,31,168,35,67,3,7,0,16,6,44,3,16,5,45,5,45,31,2382692
371,31,168,37,58,3,7,0,17,6,9,2,11,5,45,5,45,31,2382684
372,31,168,51,104,3,6,8,14,6,13,5,45,5,45,5,45,31,2382382
373,31,168,47,19,3,6,6,21,2,14,5,45,5,45,5,45,31,2381916
374,31,168,71,123,3,7,4,39,0,14,2,19,5,45,5,45,31,2381913
375,31,168,30,108,3,6,2,14,0,7,5,45,5,45,5,45,31,2381909
376,31,168,47,19,3,6,2,11,6,14,5,45,5,45,5,45,31,2381771
377,31,168,35,63,3,6,8,11,6,12,5,45,5,45,5,45,31,2381769
378,31,168,52,8,3,7,3,44,4,8,2,12,5,45,5,45,31,2381760
379,31,168,66,5,3,6,6,16,2,17,5,45,5,45,5,45,31,2381643
380,31,132,33,49,5,9,4,13,6,15,0,16,5,45,5,45,31,2381332
381,31,132,30,108,3,7,6,12,0,18,4,7,5,45,5,45,31,2381329
382,31,132,35,63,3,7,8,42,3,15,0,15,5,45,5,45,31,2381325
383,31,132,75,1,3,7,4,44,2,14,0,21,5,45,5,45,31,2381324
384,31,132,63,31,3,6,3,14,8,10,5,45,5,45,5,45,31,2381319
385,31,132,82,94,3,7,6,41,8,16,3,17,5,45,5,45,31,2381313
386,31,132,74,17,3,6,3,20,0,14,5,45,5,45,5,45,31,2380112
387,31,132,29,121,3,7,8,9,4,21,2,17,5,45,5,45,31,2380068
388,31,132,43,160,3,7,3,21,2,44,0,20,5,45,5,45,31,2380046
389,31,132,30,108,3,6,2,8,0,14,5,45,5,45,5,45,31,2379364
390,31,132,27,163,3,7,8,8,2,41,6,16,5,45,5,45,31,2379361
391,31,132,47,19,3,7,2,43,4,7,0,16,5,45,5,45,31,2379350
392,31,132,8,116,3,7,0,41,2,15,6,14,5,45,5,45,31,2379344
393,31,132,32,138,3,6,3,17,2,15,5,45,5,45,5,45,31,2379329
394,31,132,15,13,3,6,0,10,2,10,5,45,5,45,5,45,31,2379277
395,31,132,72,117,3,7,0,44,6,14,4,20,5,45,5,45,31,2379269
396,31,132,22,152,3,6,8,19,2,21,5,45,5,45,5,45,31,2378210
397,31,143,20,18,1,3,1,20,5,45,5,45,5,45,5,45,31,2376943
398,31,142,6,10,3,6,0,13,1,12,5,45,5,45,5,45,31,2375396
399,31,142,1,37,3,7,6,38,9,12,1,8,5,45,5,45,31,2375063
400,31,142,57,23,3,7,0,8,6,2,2,11,5,45,5,45,31,2375059
401,31,142,3,111,3,6,2,17,4,6,5,45,5,45,5,45,31,2374948
402,31,142,76,148,3,7,9,8,4,43,2,16,5,45,5,45,31,2374316
403,31,142,12,55,3,7,2,15,4,2,1,7,5,45,5,45,31,2374271
404,31,142,4,11,3,6,1,8,4,17,5,45,5,45,5,45,31,2374267
405,31,142,35,64,3,6,1,16,6,13,5,45,5,45,5,45,31,2373782
406,31,142,22,151,3,6,6,17,4,14,5,45,5,45,5,45,31,2373076
407,31,142,75,1,3,6,2,8,4,17,5,45,5,45,5,45,31,2373075
408,31,142,58,93,3,6,1,12,6,32,5,45,5,45,5,45,31,2373073
409,31,142,50,35,3,6,2,7,6,12,5,45,5,45,5,45,31,2372331
410,31,142,76,148,3,7,9,7,4,40,0,16,5,45,5,45,31,2371996
411,31,142,15,56,3,7,1,44,9,7,6,11,5,45,5,45,31,2371994
412,31,142,73,73,3,7,4,3,9,17,6,7,5,45,5,45,31,2371495
413,31,16,1,38,1,3,6,16,5,45,5,45,5,45,5,45,31,2369727
414,31,16,22,144,3,7,4,13,7,44,6,8,5,45,5,45,31,2369504
415,31,16,52,8,3,6,0,8,4,12,5,45,5,45,5,45,31,2369494
416,31,16,19,39,3,7,0,44,7,13,1,7,5,45,5,45,31,2369491
417,31,16,64,118,3,7,9,17,1,44,6,7,5,45,5,45,31,2369488
418,31,16,57,43,3,6,0,10,9,8,5,45,5,45,5,45,31,2368865
419,31,168,46,107,3,4,0,14,6,44,3,29,5,45,5,45,46,2382582
420,31,168,44,26,1,0,6,44,5,45,5,45,5,45,5,45,44,2382444
421,31,168,10,79,1,0,0,43,5,45,5,45,5,45,5,45,10,2382424
422,31,168,77,83,3,4,2,42,8,14,3,3,5,45,5,45,77,2382694
423,31,168,47,19,3,1,2,39,4,4,5,45,5,45,5,45,47,2382689
424,31,168,77,83,5,8,3,17,2,41,8,41,4,21,6,43,77,2381918
425,31,168,77,83,5,8,3,28,2,19,8,44,4,7,6,29,77,2381773
426,31,168,77,83,3,1,4,9,3,43,5,45,5,45,5,45,77,2381768
427,31,132,35,63,3,1,3,28,4,1,5,45,5,45,5,45,35,2381301
428,31,132,19,33,3,1,8,41,2,40,5,45,5,45,5,45,19,2381253
429,31,132,76,146,3,4,4,8,0,22,3,29,5,45,5,45,76,2380122
430,31,132,47,19,3,1,8,3,0,2,5,45,5,45,5,45,47,2380001
431,31,132,27,163,3,4,3,43,4,20,2,44,5,45,5,45,27,2380070
432,31,132,1,102,3,4,3,3,0,15,2,28,5,45,5,45,1,2380056
433,31,132,47,19,3,1,8,42,6,44,5,45,5,45,5,45,47,2380052
434,31,132,47,19,5,5,2,41,4,12,6,3,0,44,5,45,47,2379366
435,31,132,82,96,3,4,4,43,2,19,6,3,5,45,5,45,82,2379340
436,31,132,33,49,3,4,0,44,2,15,4,3,5,45,5,45,33,2378898
437,31,132,27,163,3,1,3,42,8,40,5,45,5,45,5,45,27,2378781
438,31,132,27,163,3,1,3,41,6,23,5,45,5,45,5,45,27,2378224
439,31,143,35,45,3,4,9,41,6,15,4,42,5,45,5,45,35,2377021
440,31,143,66,7,1,0,1,40,5,45,5,45,5,45,5,45,66,2377010
441,31,143,30,109,1,0,6,4,5,45,5,45,5,45,5,45,30,2377006
442,31,143,27,30,3,1,2,4,3,39,5,45,5,45,5,45,27,2376830
443,31,143,66,7,1,0,0,3,5,45,5,45,5,45,5,45,66,2376828
444,31,143,76,148,3,1,4,44,1,43,5,45,5,45,5,45,76,2376846
445,31,143,1,37,3,1,1,2,6,44,5,45,5,45,5,45,1,2376844
446,31,142,30,109,3,4,6,3,0,32,2,41,5,45,5,45,30,2375769
447,31,142,52,8,3,1,1,40,0,2,5,45,5,45,5,45,52,2375765
448,31,142,61,126,3,1,4,2,2,2,5,45,5,45,5,45,61,2375407
449,31,142,76,148,3,4,2,20,9,9,0,3,5,45,5,45,76,2375400
450,31,142,29,121,3,4,6,2,1,7,2,44,5,45,5,45,29,2375364
451,31,142,76,148,3,4,4,3,9,16,0,44,5,45,5,45,76,2375016
452,31,142,71,123,3,1,6,42,2,3,5,45,5,45,5,45,71,2375014
453,31,142,37,133,3,1,4,44,2,41,5,45,5,45,5,45,37,2375071
454,31,142,27,30,3,1,9,3,1,43,5,45,5,45,5,45,27,2375069
455,31,142,82,98,1,0,9,2,5,45,5,45,5,45,5,45,82,2374945
456,31,142,30,109,3,1,2,9,0,41,5,45,5,45,5,45,30,2374318
457,31,142,47,20,3,4,6,41,9,8,0,44,5,45,5,45,47,2374304
458,31,142,27,30,3,4,9,40,6,16,2,3,5,45,5,45,27,2373995
459,31,142,8,105,3,4,2,20,0,1,6,44,5,45,5,45,8,2373788
460,31,142,8,105,3,1,2,42,0,44,5,45,5,45,5,45,8,2373774
461,31,142,19,39,3,1,9,2,6,44,5,45,5,45,5,45,19,2373078
462,31,142,9,134,1,0,6,18,5,45,5,45,5,45,5,45,9,2373067
463,31,142,43,115,3,4,6,14,0,3,1,2,5,45,5,45,43,2372339
464,31,142,33,157,1,0,1,2,5,45,5,45,5,45,5,45,33,2372324
465,31,142,71,123,3,1,1,42,9,28,5,45,5,45,5,45,71,2372002
466,31,142,76,148,3,1,9,9,4,40,5,45,5,45,5,45,76,2371993
467,31,142,33,50,3,4,9,20,1,38,6,40,5,45,5,45,33,2371503
468,31,142,15,56,3,1,7,44,6,43,5,45,5,45,5,45,15,2371499
469,31,142,75,1,3,4,4,38,6,17,0,3,5,45,5,45,75,2371492
470,31,60,49,71,3,4,4,17,7,39,9,3,5,45,5,45,49,2370242
471,31,16,5,47,3,4,9,14,0,43,4,9,5,45,5,45,5,2369745
472,31,16,27,30,1,0,6,40,5,45,5,45,5,45,5,45,27,2369736
473,31,16,30,109,1,0,6,42,5,45,5,45,5,45,5,45,30,2369732
474,31,16,71,123,3,1,1,43,0,38,5,45,5,45,5,45,71,2369506
475,31,16,27,30,3,1,9,44,6,41,5,45,5,45,5,45,27,2369409
476,31,16,77,82,3,4,6,25,9,44,1,43,5,45,5,45,77,2368866
477,31,16,8,101,3,1,9,43,0,38,5,45,5,45,5,45,8,2368863
478,52,8,33,154,3,7,4,7,1,44,3,25,5,45,5,45,52,2382609
479,52,8,1,102,1,3,3,21,5,45,5,45,5,45,5,45,52,2382591
480,52,8,53,0,1,3,8,15,5,45,5,45,5,45,5,45,52,2382438
481,52,8,9,163,3,6,8,8,3,7,5,45,5,45,5,45,52,2382239
482,52,8,12,158,3,6,3,16,4,7,5,45,5,45,5,45,52,2382223
483,52,8,45,59,3,6,2,12,4,15,5,45,5,45,5,45,52,2382205
484,52,8,32,52,3,7,3,15,4,44,0,16,5,45,5,45,52,2381763
485,52,8,46,107,3,7,1,44,4,13,3,17,5,45,5,45,52,2381644
486,52,8,75,1,3,7,2,15,3,1,4,20,5,45,5,45,52,2380119
487,52,8,29,121,3,6,1,19,4,16,5,45,5,45,5,45,52,2380007
488,52,8,33,49,3,6,4,17,0,14,5,45,5,45,5,45,52,2380067
489,52,8,82,96,3,6,8,21,4,14,5,45,5,45,5,45,52,2380060
490,52,8,73,12,3,7,3,2,4,13,0,13,5,45,5,45,52,2380047
491,52,8,75,1,3,6,4,11,0,17,5,45,5,45,5,45,52,2378912
492,52,8,71,123,3,7,4,16,2,3,6,21,5,45,5,45,52,2378903
493,52,8,29,121,3,6,2,13,4,11,5,45,5,45,5,45,52,2378785
494,52,8,82,96,3,7,2,20,6,42,4,20,5,45,5,45,52,2378455
495,52,8,8,116,3,6,3,8,0,14,5,45,5,45,5,45,52,2378229
496,52,8,39,3,3,6,0,15,4,16,5,45,5,45,5,45,52,2378215
497,52,8,35,45,3,6,6,14,4,17,5,45,5,45,5,45,52,2377723
498,52,8,43,161,1,3,6,7,5,45,5,45,5,45,5,45,52,2377697
499,52,8,66,7,3,6,6,7,0,10,5,45,5,45,5,45,52,2377018
500,52,8,67,92,1,3,3,13,5,45,5,45,5,45,5,45,52,2377000
501,52,8,81,100,1,3,3,17,5,45,5,45,5,45,5,45,52,2376938
502,52,8,47,20,5,10,3,8,2,10,4,41,0,8,5,45,52,2376509
503,52,8,37,133,3,7,0,44,2,21,4,14,5,45,5,45,52,2376507
504,52,8,76,148,3,6,3,12,0,8,5,45,5,45,5,45,52,2376505
505,52,8,43,161,3,7,3,39,2,13,0,8,5,45,5,45,52,2376491
506,52,8,38,131,1,3,6,10,5,45,5,45,5,45,5,45,52,2376219
507,52,8,30,109,3,7,3,2,0,8,1,10,5,45,5,45,52,2375776
508,52,8,33,156,3,6,2,17,0,17,5,45,5,45,5,45,52,2375770
509,52,8,31,142,3,6,1,13,0,7,5,45,5,45,5,45,52,2375765
510,52,8,27,30,5,11,6,43,1,8,0,8,3,39,2,7,52,2375428
511,52,8,33,156,3,7,3,16,6,3,0,14,5,45,5,45,52,2375427
512,52,8,71,123,3,6,2,13,4,17,5,45,5,45,5,45,52,2375424
513,52,8,27,30,3,6,1,32,4,13,5,45,5,45,5,45,52,2375386
514,52,8,54,77,3,6,0,14,2,17,5,45,5,45,5,45,52,2375367
515,52,8,44,75,3,6,2,21,0,12,5,45,5,45,5,45,52,2375351
516,52,8,47,20,3,6,3,21,4,8,5,45,5,45,5,45,52,2374324
517,52,8,66,85,3,7,6,44,0,10,3,14,5,45,5,45,52,2374312
518,52,8,8,105,3,6,0,12,4,15,5,45,5,45,5,45,52,2374306
519,52,8,82,98,3,6,1,12,4,12,5,45,5,45,5,45,52,2374298
520,52,8,19,39,3,6,1,8,6,14,5,45,5,45,5,45,52,2373796
521,52,8,12,55,3,6,2,15,4,11,5,45,5,45,5,45,52,2373790
522,52,8,33,156,3,7,0,18,6,14,3,14,5,45,5,45,52,2373289
523,52,8,47,20,3,7,2,1,6,16,4,13,5,45,5,45,52,2373288
524,52,8,30,109,3,6,4,7,6,19,5,45,5,45,5,45,52,2373283
525,52,8,29,121,3,6,6,8,4,13,5,45,5,45,5,45,52,2373271
526,52,8,76,148,3,6,1,13,4,17,5,45,5,45,5,45,52,2372745
527,52,8,30,109,3,7,2,13,6,44,4,7,5,45,5,45,52,2372736
528,52,8,8,105,3,6,6,8,2,17,5,45,5,45,5,45,52,2372735
529,52,8,12,54,1,3,0,17,5,45,5,45,5,45,5,45,52,2372329
530,52,8,12,54,3,7,1,44,6,11,0,15,5,45,5,45,52,2371529
531,52,8,32,80,3,6,0,13,4,14,5,45,5,45,5,45,52,2371525
532,52,8,30,109,3,7,0,17,4,28,3,11,5,45,5,45,52,2370727
533,52,8,33,50,3,7,1,20,6,42,0,8,5,45,5,45,52,2370726
534,52,8,27,30,3,6,4,20,3,17,5,45,5,45,5,45,52,2370723
535,52,8,82,97,3,6,6,7,4,17,5,45,5,45,5,45,52,2370660
536,52,8,33,50,1,3,6,8,5,45,5,45,5,45,5,45,52,2370640
537,52,8,75,1,1,3,4,7,5,45,5,45,5,45,5,45,52,2370629
538,52,8,15,128,3,7,7,12,1,43,6,15,5,45,5,45,52,2369748
539,52,8,25,90,1,3,4,14,5,45,5,45,5,45,5,45,52,2369734
540,52,8,41,69,1,3,0,16,5,45,5,45,5,45,5,45,52,2369722
541,52,8,27,30,3,7,6,3,4,16,1,13,5,45,5,45,52,2369492
542,52,8,7,29,3,7,0,8,1,3,4,16,5,45,5,45,52,2369490
543,52,8,33,50,3,6,3,17,4,13,5,45,5,45,5,45,52,2368879
544,52,8,33,50,3,7,7,19,3,2,1,17,5,45,5,45,52,2368876
545,52,8,19,39,3,6,7,21,1,16,5,45,5,45,5,45,52,2368875
546,52,8,76,149,3,6,7,25,1,19,5,45,5,45,5,45,52,2369248
547,52,8,2,124,1,3,1,14,5,45,5,45,5,45,5,45,52,2369237
548,52,8,21,164,1,3,3,14,5,45,5,45,5,45,5,45,52,2369213
549,52,8,77,83,3,1,4,44,6,3,5,45,5,45,5,45,77,2382616
550,52,8,71,123,3,1,1,3,8,38,5,45,5,45,5,45,71,2382600
551,52,8,8,137,3,4,6,9,4,16,0,41,5,45,5,45,8,2382245
552,52,8,75,1,3,1,3,3,4,3,5,45,5,45,5,45,75,2382231
553,52,8,43,61,3,4,1,41,3,7,0,43,5,45,5,45,43,2381767
554,52,8,31,168,3,4,3,17,4,3,2,39,5,45,5,45,31,2381760
555,52,8,71,123,3,1,2,42,1,41,5,45,5,45,5,45,71,2380130
556,52,8,27,163,3,1,3,44,2,40,5,45,5,45,5,45,27,2380128
557,52,8,75,1,3,1,4,41,0,41,5,45,5,45,5,45,75,2380073
558,52,8,66,5,3,4,3,11,6,44,0,39,5,45,5,45,66,2380041
559,52,8,71,123,3,1,4,43,2,18,5,45,5,45,5,45,71,2378916
560,52,8,71,123,3,1,2,44,0,29,5,45,5,45,5,45,71,2378459
561,52,8,37,133,3,4,4,38,6,13,0,44,5,45,5,45,37,2377727
562,52,8,71,123,1,0,4,28,5,45,5,45,5,45,5,45,71,2377712
563,52,8,46,140,1,0,3,3,5,45,5,45,5,45,5,45,46,2377708
564,52,8,47,20,3,4,4,12,2,43,3,42,5,45,5,45,47,2377012
565,52,8,30,109,3,4,3,14,4,43,0,41,5,45,5,45,30,2376874
566,52,8,8,116,3,1,6,41,4,41,5,45,5,45,5,45,8,2376872
567,52,8,29,121,3,1,6,2,4,39,5,45,5,45,5,45,29,2376503
568,52,8,33,156,5,5,0,44,2,3,4,8,3,42,5,45,33,2375777
569,52,8,77,82,5,5,6,18,2,7,4,29,3,44,5,45,77,2374326
570,52,8,43,161,3,4,6,17,1,18,3,2,5,45,5,45,43,2373794
571,52,8,43,161,3,4,1,3,4,10,3,3,5,45,5,45,43,2373784
572,52,8,71,123,5,5,0,44,2,44,4,12,6,41,5,45,71,2372746
573,52,8,37,166,3,1,6,43,4,44,5,45,5,45,5,45,37,2372340
574,52,8,71,123,3,1,0,39,6,43,5,45,5,45,5,45,71,2372336
575,52,8,30,109,3,1,6,40,4,18,5,45,5,45,5,45,30,2371545
576,52,8,19,39,3,4,0,16,1,44,6,43,5,45,5,45,19,2371532
577,52,8,18,14,3,4,4,21,0,41,7,28,5,45,5,45,18,2370656
578,52,8,71,123,3,4,6,20,0,44,4,42,5,45,5,45,71,2370650
579,52,8,76,149,3,1,0,44,1,44,5,45,5,45,5,45,76,2369742
580,52,8,31,16,3,1,0,3,4,39,5,45,5,45,5,45,31,2369494
581,52,8,71,123,3,4,0,42,1,8,4,39,5,45,5,45,71,2369410
582,30,40,47,19,1,3,0,7,5,45,5,45,5,45,5,45,30,2382592
583,30,108,47,19,3,6,0,8,4,15,5,45,5,45,5,45,30,2379346
584,30,108,33,49,3,7,0,20,3,2,6,16,5,45,5,45,30,2378905
585,30,109,33,156,3,6,0,14,6,21,5,45,5,45,5,45,30,2377734
586,30,109,77,82,3,7,6,41,4,16,1,15,5,45,5,45,30,2377732
587,30,109,29,121,3,7,3,41,2,17,4,7,5,45,5,45,30,2377728
588,30,109,47,20,1,3,3,7,5,45,5,45,5,45,5,45,30,2377715
589,30,109,31,143,1,3,6,19,5,45,5,45,5,45,5,45,30,2377006
590,30,109,52,8,3,7,3,41,4,16,0,14,5,45,5,45,30,2376874
591,30,109,31,142,3,7,6,8,0,29,2,14,5,45,5,45,30,2375769
592,30,109,31,142,3,6,2,20,0,14,5,45,5,45,5,45,30,2374318
593,30,109,52,8,3,6,6,13,4,21,5,45,5,45,5,45,30,2371545
594,30,109,47,20,3,6,7,7,6,14,5,45,5,45,5,45,30,2370931
595,30,109,77,82,3,7,6,15,9,40,3,16,5,45,5,45,30,2370725
596,30,109,71,123,3,7,4,15,6,22,9,21,5,45,5,45,30,2370722
597,30,109,29,84,1,3,0,15,5,45,5,45,5,45,5,45,30,2370643
598,30,109,31,16,1,3,6,15,5,45,5,45,5,45,5,45,30,2369732
599,30,109,47,20,3,6,6,11,0,8,5,45,5,45,5,45,30,2369505
600,30,109,33,50,3,6,3,17,0,14,5,45,5,45,5,45,30,2369503
601,30,109,71,91,3,6,1,12,6,12,5,45,5,45,5,45,30,2368871
602,30,40,9,163,1,0,1,40,5,45,5,45,5,45,5,45,9,2382437
603,30,108,47,19,3,1,2,3,4,28,5,45,5,45,5,45,47,2381914
604,30,108,31,168,3,1,2,41,0,2,5,45,5,45,5,45,31,2381909
605,30,108,31,132,3,4,6,39,0,21,4,2,5,45,5,45,31,2381329
606,30,108,71,123,3,1,1,43,6,44,5,45,5,45,5,45,71,2380123
607,30,108,31,132,3,1,2,3,0,41,5,45,5,45,5,45,31,2379364
608,30,108,77,83,3,4,6,38,1,7,2,22,5,45,5,45,77,2378899
609,30,109,71,123,3,4,6,43,0,14,2,3,5,45,5,45,71,2377735
610,30,109,33,156,3,1,3,39,4,38,5,45,5,45,5,45,33,2377721
611,30,109,77,82,3,1,4,40,2,3,5,45,5,45,5,45,77,2377014
612,30,109,71,123,3,1,4,2,1,23,5,45,5,45,5,45,71,2376880
613,30,109,47,20,3,1,3,9,6,3,5,45,5,45,5,45,47,2376873
614,30,109,47,20,3,4,2,42,4,21,6,42,5,45,5,45,47,2376501
615,30,109,29,121,1,0,2,42,5,45,5,45,5,45,5,45,29,2376221
616,30,109,52,8,3,4,3,7,0,3,1,28,5,45,5,45,52,2375776
617,30,109,33,156,3,4,2,42,3,14,4,44,5,45,5,45,33,2375766
618,30,109,77,82,3,4,3,16,2,4,1,44,5,45,5,45,77,2374315
619,30,109,33,156,3,4,0,17,6,41,4,41,5,45,5,45,33,2373783
620,30,109,52,8,3,1,4,2,6,4,5,45,5,45,5,45,52,2373283
621,30,109,77,82,3,4,3,12,2,2,4,41,5,45,5,45,77,2372742
622,30,109,52,8,3,4,2,40,6,17,4,2,5,45,5,45,52,2372736
623,30,109,33,157,3,1,2,43,6,28,5,45,5,45,5,45,33,2372346
624,30,109,71,123,3,1,1,3,6,2,5,45,5,45,5,45,71,2372344
625,30,109,52,8,3,4,0,44,4,10,3,38,5,45,5,45,52,2370727
626,30,109,33,50,3,1,1,43,0,44,5,45,5,45,5,45,33,2369740
627,30,109,71,123,5,2,6,44,4,3,7,38,5,45,5,45,71,2369507
628,30,109,71,123,3,1,4,2,6,40,5,45,5,45,5,45,71,2369493
629,29,46,78,150,3,6,8,10,3,11,5,45,5,45,5,45,29,2383589
630,29,46,76,146,3,6,4,11,8,13,5,45,5,45,5,45,29,2382601
631,29,46,75,1,1,3,3,8,5,45,5,45,5,45,5,45,29,2382436
632,29,46,9,163,1,3,2,15,5,45,5,45,5,45,5,45,29,2382589
633,29,46,10,79,3,7,4,38,8,14,2,15,5,45,5,45,29,2382584
634,29,46,45,59,1,3,2,16,5,45,5,45,5,45,5,45,29,2382573
635,29,46,44,26,1,3,6,12,5,45,5,45,5,45,5,45,29,2382430
636,29,46,44,26,3,6,2,7,1,14,5,45,5,45,5,45,29,2382678
637,29,46,46,107,3,6,6,20,8,10,5,45,5,45,5,45,29,2382246
638,29,46,56,165,3,6,1,15,8,14,5,45,5,45,5,45,29,2382235
639,29,46,46,107,3,7,8,12,1,3,3,16,5,45,5,45,29,2382227
640,29,46,35,63,3,7,1,17,4,42,6,17,5,45,5,45,29,2382222
641,29,121,16,36,3,6,2,14,4,15,5,45,5,45,5,45,29,2381258
642,29,121,46,107,3,7,1,17,4,23,3,6,5,45,5,45,29,2380061
643,29,121,45,59,3,7,4,14,2,39,1,13,5,45,5,45,29,2380038
644,29,121,51,104,3,7,8,8,2,2,4,8,5,45,5,45,29,2380035
645,29,121,44,26,3,6,1,15,6,16,5,45,5,45,5,45,29,2379996
646,29,121,78,53,3,7,3,39,2,13,6,20,5,45,5,45,29,2378693
647,29,121,39,4,3,6,4,20,2,6,5,45,5,45,5,45,29,2378422
648,29,121,53,0,3,7,1,14,4,42,3,14,5,45,5,45,29,2378217
649,29,121,82,98,3,7,9,3,4,17,3,8,5,45,5,45,29,2377725
650,29,121,71,123,1,3,2,14,5,45,5,45,5,45,5,45,29,2377699
651,29,121,12,55,3,7,6,40,4,8,2,11,5,45,5,45,29,2377688
652,29,121,78,53,1,3,9,21,5,45,5,45,5,45,5,45,29,2377681
653,29,121,38,131,1,3,1,8,5,45,5,45,5,45,5,45,29,2377678
654,29,121,45,59,3,6,1,16,9,16,5,45,5,45,5,45,29,2376999
655,29,121,3,111,3,6,1,16,2,7,5,45,5,45,5,45,29,2376998
656,29,121,13,32,1,3,9,6,5,45,5,45,5,45,5,45,29,2376982
657,29,121,17,110,1,3,9,13,5,45,5,45,5,45,5,45,29,2376977
658,29,121,52,8,3,6,6,7,4,12,5,45,5,45,5,45,29,2376503
659,29,121,47,20,3,7,6,16,4,40,2,13,5,45,5,45,29,2376489
660,29,121,30,109,1,3,2,15,5,45,5,45,5,45,5,45,29,2376221
661,29,121,61,126,3,6,1,15,6,17,5,45,5,45,5,45,29,2375412
662,29,121,6,10,3,6,3,14,6,16,5,45,5,45,5,45,29,2375409
663,29,121,61,126,3,7,1,1,6,14,9,8,5,45,5,45,29,2375401
664,29,121,31,142,3,7,6,7,1,2,2,17,5,45,5,45,29,2375364
665,29,121,76,148,3,6,3,14,4,15,5,45,5,45,5,45,29,2375013
666,29,121,27,30,1,3,2,26,5,45,5,45,5,45,5,45,29,2374952
667,29,121,2,127,3,6,3,14,2,19,5,45,5,45,5,45,29,2374951
668,29,121,9,125,3,7,4,42,3,7,6,17,5,45,5,45,29,2374950
669,29,121,37,133,3,7,4,8,1,43,6,8,5,45,5,45,29,2374272
670,29,121,38,131,3,7,2,38,6,8,3,5,5,45,5,45,29,2373998
671,29,121,32,80,1,3,6,13,5,45,5,45,5,45,5,45,29,2373277
672,29,121,75,1,1,3,6,17,5,45,5,45,5,45,5,45,29,2373282
673,29,121,69,27,1,3,6,24,5,45,5,45,5,45,5,45,29,2373280
674,29,120,81,74,1,3,2,8,5,45,5,45,5,45,5,45,29,2372725
675,29,120,19,39,1,3,3,17,5,45,5,45,5,45,5,45,29,2372726
676,29,120,27,30,1,3,3,15,5,45,5,45,5,45,5,45,29,2372721
677,29,120,15,56,1,3,6,6,5,45,5,45,5,45,5,45,29,2372708
678,29,120,48,22,3,6,9,15,6,13,5,45,5,45,5,45,29,2372515
679,29,120,79,66,3,6,2,19,6,12,5,45,5,45,5,45,29,2372510
680,29,120,62,136,3,7,2,43,9,16,0,11,5,45,5,45,29,2372503
681,29,120,59,122,3,6,2,16,3,16,5,45,5,45,5,45,29,2372264
682,29,120,22,144,3,6,6,17,4,16,5,45,5,45,5,45,29,2371520
683,29,120,14,2,3,6,3,14,4,14,5,45,5,45,5,45,29,2371518
684,29,120,49,70,3,7,7,21,9,43,3,31,5,45,5,45,29,2370778
685,29,84,44,41,1,3,0,17,5,45,5,45,5,45,5,45,29,2370905
686,29,84,66,85,3,6,9,15,0,15,5,45,5,45,5,45,29,2370627
687,29,84,22,144,3,6,4,16,0,17,5,45,5,45,5,45,29,2370624
688,29,84,41,69,3,6,7,14,9,17,5,45,5,45,5,45,29,2370618
689,29,84,19,39,3,7,7,7,9,9,6,15,5,45,5,45,29,2370203
690,29,84,55,114,1,3,3,17,5,45,5,45,5,45,5,45,29,2370183
691,29,84,3,111,3,6,0,14,4,14,5,45,5,45,5,45,29,2370067
692,29,84,80,169,1,3,6,7,5,45,5,45,5,45,5,45,29,2369715
693,29,46,66,6,3,1,1,44,2,43,5,45,5,45,5,45,66,2383572
694,29,46,82,95,3,4,6,14,1,43,3,4,5,45,5,45,82,2382613
695,29,46,82,95,1,0,2,3,5,45,5,45,5,45,5,45,82,2382440
696,29,46,35,67,3,4,8,44,4,14,6,43,5,45,5,45,35,2382680
697,29,46,75,1,3,1,1,42,4,42,5,45,5,45,5,45,75,2382377
698,29,46,9,163,3,4,1,7,3,41,2,41,5,45,5,45,9,2382250
699,29,46,71,123,3,4,8,15,6,44,4,42,5,45,5,45,71,2382249
700,29,46,75,1,3,4,4,39,1,15,3,44,5,45,5,45,75,2382203
701,29,121,75,1,3,1,4,44,6,3,5,45,5,45,5,45,75,2381321
702,29,121,76,146,3,1,1,3,2,43,5,45,5,45,5,45,76,2381310
703,29,121,19,33,3,4,2,16,8,1,3,39,5,45,5,45,19,2381306
704,29,121,45,59,3,4,2,15,8,2,3,23,5,45,5,45,45,2380117
705,29,121,52,8,3,1,1,4,4,43,5,45,5,45,5,45,52,2380007
706,29,121,31,132,3,4,8,20,4,18,2,44,5,45,5,45,31,2380068
707,29,121,43,160,3,1,2,2,1,43,5,45,5,45,5,45,43,2380054
708,29,121,47,19,3,4,8,44,3,20,6,3,5,45,5,45,47,2380042
709,29,121,46,107,3,1,1,2,6,44,5,45,5,45,5,45,46,2380026
710,29,121,66,5,3,4,1,3,2,11,3,44,5,45,5,45,66,2380018
711,29,121,8,116,3,4,3,2,2,16,6,3,5,45,5,45,8,2378901
712,29,121,52,8,3,1,2,40,4,38,5,45,5,45,5,45,52,2378785
713,29,121,15,13,3,4,2,8,4,3,1,42,5,45,5,45,15,2378223
714,29,121,30,109,3,4,3,14,2,44,4,2,5,45,5,45,30,2377728
715,29,121,43,161,1,0,3,44,5,45,5,45,5,45,5,45,43,2377713
716,29,121,77,82,1,0,4,9,5,45,5,45,5,45,5,45,77,2377705
717,29,121,35,45,1,0,9,43,5,45,5,45,5,45,5,45,35,2377663
718,29,121,43,161,3,4,1,38,2,11,3,42,5,45,5,45,43,2376994
719,29,121,42,89,1,0,3,23,5,45,5,45,5,45,5,45,42,2376930
720,29,121,47,20,3,1,6,38,4,38,5,45,5,45,5,45,47,2376508
721,29,121,71,123,3,1,6,44,1,3,5,45,5,45,5,45,71,2375416
722,29,121,76,148,3,4,2,21,9,42,4,42,5,45,5,45,76,2375405
723,29,121,77,82,3,1,9,42,2,38,5,45,5,45,5,45,77,2375394
724,29,121,27,30,3,4,9,41,6,13,4,44,5,45,5,45,27,2375019
725,29,121,71,123,3,1,4,39,1,1,5,45,5,45,5,45,71,2375018
726,29,121,43,161,3,1,2,9,6,39,5,45,5,45,5,45,43,2374317
727,29,121,77,82,3,1,3,38,4,28,5,45,5,45,5,45,77,2374305
728,29,121,43,161,3,4,1,16,6,3,4,42,5,45,5,45,43,2374265
729,29,121,47,20,3,4,6,42,4,8,3,42,5,45,5,45,47,2373284
730,29,121,52,8,3,1,6,3,4,40,5,45,5,45,5,45,52,2373271
731,29,120,54,77,3,1,0,42,6,42,5,45,5,45,5,45,54,2372732
732,29,120,12,54,1,0,0,38,5,45,5,45,5,45,5,45,12,2372702
733,29,120,34,145,3,1,2,3,6,44,5,45,5,45,5,45,34,2372516
734,29,120,0,112,3,4,0,21,4,3,3,3,5,45,5,45,0,2372268
735,29,120,50,34,3,4,6,18,4,7,9,42,5,45,5,45,50,2371521
736,29,120,28,62,3,1,6,42,7,0,5,45,5,45,5,45,28,2371511
737,29,120,43,115,3,4,3,17,4,42,6,44,5,45,5,45,43,2371508
738,29,120,46,106,3,1,3,43,9,42,5,45,5,45,5,45,46,2370779
739,29,120,3,111,1,0,7,41,5,45,5,45,5,45,5,45,3,2370773
740,29,84,37,166,3,4,0,14,6,41,7,3,5,45,5,45,37,2370915
741,29,84,47,20,3,4,6,16,9,18,4,44,5,45,5,45,47,2370913
742,29,84,21,164,3,4,7,42,3,21,0,42,5,45,5,45,21,2370651
743,29,84,30,109,1,0,0,42,5,45,5,45,5,45,5,45,30,2370643
744,29,84,33,50,1,0,3,38,5,45,5,45,5,45,5,45,33,2370635
745,29,84,44,41,1,0,6,44,5,45,5,45,5,45,5,45,44,2370610
746,29,84,42,88,1,0,0,9,5,45,5,45,5,45,5,45,42,2370601
747,29,84,3,111,3,4,6,16,4,43,0,3,5,45,5,45,3,2370070
748,29,84,49,71,1,0,4,40,5,45,5,45,5,45,5,45,49,2369716
749,29,84,49,71,1,0,0,40,5,45,5,45,5,45,5,45,49,2369713
750,29,84,7,29,3,4,3,44,4,7,0,3,5,45,5,45,7,2369479
751,29,84,75,1,1,0,4,18,5,45,5,45,5,45,5,45,75,2369404
752,82,95,29,46,3,7,6,41,1,16,3,19,5,45,5,45,82,2382613
753,82,95,29,46,1,3,2,8,5,45,5,45,5,45,5,45,82,2382440
754,82,96,31,132,3,7,4,16,2,4,6,8,5,45,5,45,82,2379340
755,82,98,31,142,1,3,9,7,5,45,5,45,5,45,5,45,82,2374945
756,82,95,33,154,1,0,2,41,5,45,5,45,5,45,5,45,33,2382595
757,82,95,71,123,1,0,2,38,5,45,5,45,5,45,5,45,71,2382434
758,82,95,47,19,3,4,6,44,3,8,2,0,5,45,5,45,47,2381907
759,82,94,31,132,3,4,6,14,8,43,3,44,5,45,5,45,31,2381313
760,82,94,9,163,3,4,6,43,3,21,2,23,5,45,5,45,9,2381255
761,82,96,52,8,3,1,8,18,4,41,5,45,5,45,5,45,52,2380060
762,82,96,33,49,3,1,6,40,3,43,5,45,5,45,5,45,33,2380043
763,82,96,47,19,3,1,3,3,4,3,5,45,5,45,5,45,47,2379359
764,82,96,52,8,3,4,2,9,6,15,4,9,5,45,5,45,52,2378455
765,82,98,29,121,3,4,9,8,4,44,3,3,5,45,5,45,29,2377725
766,82,98,47,20,1,0,6,41,5,45,5,45,5,45,5,45,47,2377700
767,82,98,47,20,1,0,2,3,5,45,5,45,5,45,5,45,47,2376222
768,82,98,47,20,3,4,9,19,4,41,6,42,5,45,5,45,47,2375017
769,82,98,33,156,3,1,6,41,4,1,5,45,5,45,5,45,33,2374313
770,82,98,52,8,3,1,1,39,4,39,5,45,5,45,5,45,52,2374298
771,82,97,52,8,3,1,6,2,4,44,5,45,5,45,5,45,52,2370660
772,33,154,9,163,1,3,3,12,5,45,5,45,5,45,5,45,33,2382598
773,33,154,82,95,1,3,2,14,5,45,5,45,5,45,5,45,33,2382595
774,33,154,1,102,3,7,3,11,2,2,6,17,5,45,5,45,33,2382679
775,33,154,44,26,3,6,6,14,3,17,5,45,5,45,5,45,33,2382378
776,33,155,12,158,3,6,2,15,4,12,5,45,5,45,5,45,33,2382238
777,33,155,45,59,3,7,2,8,0,44,3,7,5,45,5,45,33,2382234
778,33,49,19,33,3,6,1,16,2,17,5,45,5,45,5,45,33,2381330
779,33,49,76,146,3,6,2,8,4,17,5,45,5,45,5,45,33,2381328
780,33,49,19,33,3,7,2,19,1,2,0,7,5,45,5,45,33,2381312
781,33,49,63,31,3,6,2,13,0,15,5,45,5,45,5,45,33,2381300
782,33,49,35,63,3,6,4,16,3,19,5,45,5,45,5,45,33,2381254
783,33,49,75,1,3,6,0,8,2,12,5,45,5,45,5,45,33,2380129
784,33,49,45,59,3,6,0,17,3,8,5,45,5,45,5,45,33,2380125
785,33,49,38,119,3,6,4,16,3,8,5,45,5,45,5,45,33,2380004
786,33,49,35,63,3,6,3,8,6,17,5,45,5,45,5,45,33,2380071
787,33,49,66,5,3,6,6,13,2,14,5,45,5,45,5,45,33,2380058
788,33,49,82,96,3,6,6,13,3,16,5,45,5,45,5,45,33,2380043
789,33,49,31,132,3,7,0,17,2,42,4,8,5,45,5,45,33,2378898
790,33,49,15,15,3,6,1,10,2,11,5,45,5,45,5,45,33,2378454
791,33,49,12,158,3,7,0,43,4,17,2,14,5,45,5,45,33,2378225
792,33,49,10,79,3,7,0,9,3,14,2,8,5,45,5,45,33,2378219
793,33,156,37,133,3,7,0,41,6,17,4,20,5,45,5,45,33,2377731
794,33,156,30,109,3,6,3,12,4,11,5,45,5,45,5,45,33,2377721
795,33,156,1,37,1,3,0,16,5,45,5,45,5,45,5,45,33,2377714
796,33,156,12,55,1,3,4,13,5,45,5,45,5,45,5,45,33,2377709
797,33,156,71,123,3,7,0,17,4,40,6,21,5,45,5,45,33,2377047
798,33,156,2,127,1,3,2,20,5,45,5,45,5,45,5,45,33,2377029
799,33,156,54,159,1,3,6,15,5,45,5,45,5,45,5,45,33,2376946
800,33,156,71,123,5,9,4,15,1,13,2,15,5,45,5,45,33,2376884
801,33,156,77,81,3,7,2,7,3,42,4,16,5,45,5,45,33,2376883
802,33,156,71,123,3,6,1,20,4,7,5,45,5,45,5,45,33,2376879
803,33,156,43,161,3,7,0,0,3,14,4,14,5,45,5,45,33,2376876
804,33,156,52,8,5,10,0,17,2,8,4,3,3,15,5,45,33,2375777
805,33,156,77,82,3,7,1,44,2,15,4,21,5,45,5,45,33,2375775
806,33,156,71,123,3,6,2,17,4,20,5,45,5,45,5,45,33,2375773
807,33,156,30,109,3,7,2,15,3,41,4,17,5,45,5,45,33,2375766
808,33,156,43,161,3,7,3,11,4,40,6,11,5,45,5,45,33,2375425
809,33,156,46,106,3,6,1,16,3,16,5,45,5,45,5,45,33,2375389
810,33,156,1,37,3,7,1,2,0,14,6,15,5,45,5,45,33,2375373
811,33,156,41,69,3,6,3,15,4,7,5,45,5,45,5,45,33,2375355
812,33,156,82,98,3,6,6,14,4,6,5,45,5,45,5,45,33,2374313
813,33,156,8,105,3,7,2,6,4,2,0,11,5,45,5,45,33,2374311
814,33,156,71,123,3,6,6,11,4,6,5,45,5,45,5,45,33,2374309
815,33,156,54,77,3,6,0,15,3,16,5,45,5,45,5,45,33,2373793
816,33,156,30,109,3,7,0,44,6,14,4,14,5,45,5,45,33,2373783
817,33,156,54,77,3,6,1,15,3,8,5,45,5,45,5,45,33,2373776
818,33,156,76,148,3,6,2,12,0,15,5,45,5,45,5,45,33,2373287
819,33,156,71,123,3,7,4,16,6,18,0,13,5,45,5,45,33,2373285
820,33,156,75,1,3,6,0,8,3,20,5,45,5,45,5,45,33,2373275
821,33,157,77,82,3,7,3,25,1,9,6,16,5,45,5,45,33,2372350
822,33,157,3,111,3,6,3,8,2,16,5,45,5,45,5,45,33,2372348
823,33,157,30,109,3,6,2,16,6,10,5,45,5,45,5,45,33,2372346
824,33,157,43,115,3,7,2,3,3,16,6,8,5,45,5,45,33,2372342
825,33,157,47,20,3,7,3,16,6,40,0,7,5,45,5,45,33,2372338
826,33,157,31,142,1,3,1,7,5,45,5,45,5,45,5,45,33,2372324
827,33,50,1,37,3,7,6,7,1,42,3,14,5,45,5,45,33,2371542
828,33,50,12,54,3,6,3,25,0,12,5,45,5,45,5,45,33,2371538
829,33,50,45,170,3,6,0,32,3,14,5,45,5,45,5,45,33,2371505
830,33,50,31,142,3,7,9,9,1,11,6,13,5,45,5,45,33,2371503
831,33,50,73,73,3,6,0,14,3,7,5,45,5,45,5,45,33,2371493
832,33,50,76,149,3,6,1,14,7,7,5,45,5,45,5,45,33,2370927
833,33,50,37,166,3,6,0,7,6,20,5,45,5,45,5,45,33,2370917
834,33,50,44,41,3,6,1,16,3,8,5,45,5,45,5,45,33,2370916
835,33,50,3,111,1,3,6,7,5,45,5,45,5,45,5,45,33,2370903
836,33,50,47,20,3,6,3,17,9,14,5,45,5,45,5,45,33,2370724
837,33,50,76,149,3,7,7,18,3,8,1,14,5,45,5,45,33,2370659
838,33,50,21,164,3,7,3,15,9,3,1,16,5,45,5,45,33,2370655
839,33,50,29,84,1,3,3,11,5,45,5,45,5,45,5,45,33,2370635
840,33,50,30,109,3,6,1,16,0,17,5,45,5,45,5,45,33,2369740
841,33,50,27,30,1,3,6,20,5,45,5,45,5,45,5,45,33,2369735
842,33,50,40,25,1,3,1,11,5,45,5,45,5,45,5,45,33,2369723
843,33,50,37,166,3,6,9,17,6,16,5,45,5,45,5,45,33,2369502
844,33,50,50,103,3,7,6,12,9,43,1,14,5,45,5,45,33,2369500
845,33,50,37,166,3,7,7,20,1,9,6,14,5,45,5,45,33,2369413
846,33,50,43,115,3,6,7,7,1,15,5,45,5,45,5,45,33,2368887
847,33,50,54,76,3,6,9,14,1,17,5,45,5,45,5,45,33,2368878
848,33,50,54,76,3,6,9,15,1,10,5,45,5,45,5,45,33,2368874
849,33,154,75,1,3,1,0,41,2,36,5,45,5,45,5,45,75,2382611
850,33,154,52,8,3,4,4,2,1,17,3,22,5,45,5,45,52,2382609
851,33,154,1,102,1,0,6,40,5,45,5,45,5,45,5,45,1,2382435
852,33,154,35,67,3,4,0,3,4,7,6,2,5,45,5,45,35,2382682
853,33,154,75,1,3,1,3,39,2,42,5,45,5,45,5,45,75,2382676
854,33,155,54,86,3,1,2,2,6,2,5,45,5,45,5,45,54,2382241
855,33,155,56,165,3,4,1,43,2,11,6,44,5,45,5,45,56,2382226
856,33,155,46,107,3,4,1,42,0,16,6,3,5,45,5,45,46,2382204
857,33,49,31,132,5,2,4,40,6,42,0,43,5,45,5,45,31,2381332
858,33,49,47,19,3,1,3,43,6,38,5,45,5,45,5,45,47,2380131
859,33,49,27,163,3,1,1,2,3,2,5,45,5,45,5,45,27,2380118
860,33,49,47,19,3,4,3,8,6,43,0,3,5,45,5,45,47,2380074
861,33,49,52,8,3,1,4,44,0,41,5,45,5,45,5,45,52,2380067
862,33,49,75,1,3,4,0,17,2,4,4,2,5,45,5,45,75,2380049
863,33,49,30,108,3,4,0,9,3,7,6,43,5,45,5,45,30,2378905
864,33,49,76,146,3,1,3,44,4,18,5,45,5,45,5,45,76,2378780
865,33,49,27,163,3,4,1,3,2,17,6,2,5,45,5,45,27,2378458
866,33,156,30,109,3,1,0,41,6,18,5,45,5,45,5,45,30,2377734
867,33,156,75,1,1,0,3,2,5,45,5,45,5,45,5,45,75,2377696
868,33,156,1,37,3,4,1,13,2,41,0,3,5,45,5,45,1,2377041
869,33,156,27,30,3,1,1,39,4,41,5,45,5,45,5,45,27,2376496
870,33,156,37,133,1,0,2,2,5,45,5,45,5,45,5,45,37,2376226
871,33,156,52,8,3,1,2,44,0,44,5,45,5,45,5,45,52,2375770
872,33,156,52,8,3,4,3,43,6,8,0,41,5,45,5,45,52,2375427
873,33,156,47,20,3,1,2,44,4,43,5,45,5,45,5,45,47,2374322
874,33,156,66,85,3,1,6,40,3,2,5,45,5,45,5,45,66,2374299
875,33,156,52,8,3,4,0,21,6,41,3,41,5,45,5,45,52,2373289
876,33,50,77,82,3,4,3,39,1,17,4,40,5,45,5,45,77,2372740
877,33,51,71,123,3,4,0,16,2,42,1,39,5,45,5,45,71,2372739
878,33,157,77,82,3,1,2,41,1,40,5,45,5,45,5,45,77,2372330
879,33,50,47,20,3,4,3,11,9,43,6,39,5,45,5,45,47,2371546
880,33,50,45,170,3,4,0,28,3,25,9,27,5,45,5,45,45,2371498
881,33,50,75,1,3,1,0,39,1,42,5,45,5,45,5,45,75,2371497
882,33,50,47,20,3,4,6,43,0,15,7,2,5,45,5,45,47,2370929
883,33,50,43,115,3,4,0,41,1,7,3,44,5,45,5,45,43,2370911
884,33,50,52,8,3,4,1,9,6,15,0,3,5,45,5,45,52,2370726
885,33,50,18,14,1,0,1,44,5,45,5,45,5,45,5,45,18,2370644
886,33,50,52,8,1,0,6,3,5,45,5,45,5,45,5,45,52,2370640
887,33,50,30,109,3,1,3,44,0,41,5,45,5,45,5,45,30,2369503
888,33,50,22,144,3,1,4,43,1,42,5,45,5,45,5,45,22,2369497
889,33,50,52,8,3,1,3,44,4,40,5,45,5,45,5,45,52,2368879
890,33,50,52,8,3,4,7,4,3,7,1,44,5,45,5,45,52,2368876
891,8,137,9,163,3,7,4,3,6,16,8,11,5,45,5,45,8,2382248
892,8,137,52,8,3,7,6,20,4,43,0,14,5,45,5,45,8,2382245
893,8,116,29,121,3,7,3,7,2,43,6,8,5,45,5,45,8,2378901
894,8,116,47,20,3,6,9,15,6,17,5,45,5,45,5,45,8,2376875
895,8,116,52,8,3,6,6,14,4,14,5,45,5,45,5,45,8,2376872
896,8,105,31,142,3,7,2,9,0,6,6,17,5,45,5,45,8,2373788
897,8,105,31,142,3,6,2,15,0,17,5,45,5,45,5,45,8,2373774
898,8,105,9,134,3,7,4,39,0,14,6,10,5,45,5,45,8,2372091
899,8,101,77,82,3,7,4,7,9,41,7,12,5,45,5,45,8,2368864
900,8,101,31,16,3,6,9,16,0,11,5,45,5,45,5,45,8,2368863
901,8,137,71,123,5,5,2,40,6,2,4,13,8,9,5,45,71,2382251
902,8,137,71,123,3,1,2,42,0,40,5,45,5,45,5,45,71,2382233
903,8,116,77,83,3,1,3,39,2,41,5,45,5,45,5,45,77,2380002
904,8,116,47,19,3,4,3,18,6,16,0,40,5,45,5,45,47,2379363
905,8,116,31,132,3,4,0,14,2,42,6,41,5,45,5,45,31,2379344
906,8,116,71,123,3,1,6,40,2,39,5,45,5,45,5,45,71,2378784
907,8,116,52,8,3,1,3,3,0,41,5,45,5,45,5,45,52,2378229
908,8,116,71,123,3,4,2,40,9,11,0,40,5,45,5,45,71,2376882
909,8,116,71,123,3,4,0,11,2,40,4,3,5,45,5,45,71,2375771
910,8,116,77,82,3,1,3,0,2,39,5,45,5,45,5,45,77,2375767
911,8,105,33,156,3,4,2,1,4,7,0,38,5,45,5,45,33,2374311
912,8,105,52,8,3,1,0,39,4,42,5,45,5,45,5,45,52,2374306
913,8,105,77,82,3,4,9,7,4,2,6,42,5,45,5,45,77,2373792
914,8,105,77,82,3,1,6,42,2,3,5,45,5,45,5,45,77,2373781
915,8,105,52,8,3,1,6,3,2,44,5,45,5,45,5,45,52,2372735
916,8,105,77,82,3,4,4,17,9,9,3,43,5,45,5,45,77,2371551
917,8,101,71,123,1,0,9,3,5,45,5,45,5,45,5,45,71,2369930
918,8,101,77,82,3,4,3,7,4,18,6,41,5,45,5,45,77,2368867
919,76,146,47,19,1,3,4,8,5,45,5,45,5,45,5,45,76,2382433
920,76,146,29,121,3,6,1,8,2,16,5,45,5,45,5,45,76,2381310
921,76,146,31,132,3,7,4,3,0,25,3,32,5,45,5,45,76,2380122
922,76,146,33,49,3,6,3,17,4,21,5,45,5,45,5,45,76,2378780
923,76,148,31,143,3,6,4,17,1,16,5,45,5,45,5,45,76,2376846
924,76,148,29,121,3,7,2,18,9,15,4,15,5,45,5,45,76,2375405
925,76,148,31,142,3,7,2,9,9,20,0,8,5,45,5,45,76,2375400
926,76,148,31,142,3,7,4,8,9,43,0,17,5,45,5,45,76,2375016
927,76,148,77,82,3,7,4,29,3,15,2,13,5,45,5,45,76,2373286
928,76,148,77,82,3,7,3,40,2,8,1,7,5,45,5,45,76,2372738
929,76,148,31,142,3,6,9,20,4,13,5,45,5,45,5,45,76,2371993
930,76,149,52,8,3,6,0,17,1,17,5,45,5,45,5,45,76,2369742
931,76,146,77,83,3,1,8,41,2,41,5,45,5,45,5,45,77,2382608
932,76,146,29,46,3,1,4,38,8,40,5,45,5,45,5,45,29,2382601
933,76,146,33,49,3,1,2,3,4,44,5,45,5,45,5,45,33,2381328
934,76,146,71,123,3,1,0,44,1,44,5,45,5,45,5,45,71,2380127
935,76,146,77,83,3,1,1,41,3,40,5,45,5,45,5,45,77,2380115
936,76,146,47,19,3,4,0,43,3,20,4,28,5,45,5,45,47,2379357
937,76,147,71,123,3,1,8,28,0,44,5,45,5,45,5,45,71,2378914
938,76,146,77,83,3,1,1,43,3,40,5,45,5,45,5,45,77,2378910
939,76,146,77,83,3,1,8,3,3,41,5,45,5,45,5,45,77,2378228
940,76,148,52,8,3,1,3,39,0,3,5,45,5,45,5,45,52,2376505
941,76,148,29,121,3,1,3,41,4,42,5,45,5,45,5,45,29,2375013
942,76,148,31,142,3,4,9,3,4,16,2,43,5,45,5,45,31,2374316
943,76,148,33,156,3,1,2,39,0,42,5,45,5,45,5,45,33,2373287
944,76,148,52,8,3,1,1,40,4,44,5,45,5,45,5,45,52,2372745
945,76,148,71,123,3,1,0,39,2,3,5,45,5,45,5,45,71,2372741
946,76,148,31,142,3,4,9,2,4,13,0,43,5,45,5,45,31,2371996
947,76,148,47,20,3,4,2,39,9,20,4,28,5,45,5,45,47,2371995
948,76,149,33,50,3,1,1,41,7,2,5,45,5,45,5,45,33,2370927
949,76,149,33,50,3,4,7,21,3,3,1,41,5,45,5,45,33,2370659
950,76,149,52,8,3,1,7,22,1,4,5,45,5,45,5,45,52,2369248
951,35,67,33,154,3,7,0,8,4,2,6,7,5,45,5,45,35,2382682
952,35,67,29,46,3,7,8,17,4,41,6,16,5,45,5,45,35,2382680
953,35,63,31,132,3,6,3,10,4,6,5,45,5,45,5,45,35,2381301
954,35,63,47,21,3,6,3,17,4,8,5,45,5,45,5,45,35,2378786
955,35,45,29,121,1,3,9,16,5,45,5,45,5,45,5,45,35,2377663
956,35,45,31,143,3,7,9,14,6,42,4,15,5,45,5,45,35,2377021
957,35,45,9,125,3,7,4,2,1,7,0,8,5,45,5,45,35,2375993
958,35,64,9,135,3,6,3,7,6,6,5,45,5,45,5,45,35,2375073
959,35,67,31,168,3,4,0,43,6,17,3,43,5,45,5,45,31,2382692
960,35,67,77,83,3,1,4,44,6,2,5,45,5,45,5,45,77,2382675
961,35,63,29,46,3,4,1,44,4,15,6,44,5,45,5,45,29,2382222
962,35,63,71,123,3,1,4,3,6,3,5,45,5,45,5,45,71,2382207
963,35,63,31,168,3,1,8,38,6,39,5,45,5,45,5,45,31,2381769
964,35,63,47,19,3,1,3,41,6,9,5,45,5,45,5,45,47,2381755
965,35,63,31,132,3,4,8,15,3,42,0,42,5,45,5,45,31,2381325
966,35,63,33,49,3,1,4,43,3,4,5,45,5,45,5,45,33,2381254
967,35,63,33,49,3,1,3,3,6,44,5,45,5,45,5,45,33,2380071
968,35,63,71,123,3,4,1,8,0,41,6,39,5,45,5,45,71,2378911
969,35,45,52,8,3,1,6,41,4,44,5,45,5,45,5,45,52,2377723
970,35,45,77,82,1,0,4,42,5,45,5,45,5,45,5,45,77,2377698
971,35,45,77,82,1,0,3,43,5,45,5,45,5,45,5,45,77,2376939
972,35,64,31,142,3,1,1,43,6,40,5,45,5,45,5,45,31,2373782
973,35,64,77,82,3,4,1,7,4,23,2,40,5,45,5,45,77,2373773
974,35,65,47,20,3,1,6,1,4,4,5,45,5,45,5,45,47,2371512
975,35,68,77,82,1,0,6,28,5,45,5,45,5,45,5,45,77,2369916
976,35,68,47,20,3,1,7,18,0,41,5,45,5,45,5,45,47,2369498
977,1,102,33,154,1,3,6,13,5,45,5,45,5,45,5,45,1,2382435
978,1,102,9,163,3,7,3,17,1,40,2,21,5,45,5,45,1,2381314
979,1,102,31,132,3,7,3,8,0,42,2,10,5,45,5,45,1,2380056
980,1,37,33,156,3,7,1,40,2,14,0,8,5,45,5,45,1,2377041
981,1,37,31,143,3,6,1,7,6,17,5,45,5,45,5,45,1,2376844
982,1,37,9,125,3,6,2,31,1,15,5,45,5,45,5,45,1,2375970
983,1,37,9,134,3,7,3,17,6,2,1,8,5,45,5,45,1,2373614
984,1,37,9,134,1,3,2,15,5,45,5,45,5,45,5,45,1,2373096
985,1,37,9,134,3,7,6,1,2,16,1,16,5,45,5,45,1,2372536
986,1,102,77,83,1,0,6,28,5,45,5,45,5,45,5,45,77,2382596
987,1,102,52,8,1,0,3,18,5,45,5,45,5,45,5,45,52,2382591
988,1,102,33,154,3,4,3,38,2,7,6,44,5,45,5,45,33,2382679
989,1,102,77,83,3,1,8,40,2,42,5,45,5,45,5,45,77,2380051
990,1,102,47,19,3,1,3,44,6,43,5,45,5,45,5,45,47,2379334
991,1,37,77,83,3,1,3,22,6,44,5,45,5,45,5,45,77,2378782
992,1,37,47,20,3,1,2,3,6,3,5,45,5,45,5,45,47,2377720
993,1,37,33,156,1,0,0,43,5,45,5,45,5,45,5,45,33,2377714
994,1,37,71,123,3,4,1,14,0,41,6,28,5,45,5,45,71,2375381
995,1,37,33,156,3,4,1,7,0,41,6,42,5,45,5,45,33,2375373
996,1,37,31,142,3,4,6,11,9,39,1,3,5,45,5,45,31,2375063
997,1,37,33,50,3,4,6,2,1,15,3,41,5,45,5,45,33,2371542
998,1,38,31,16,1,0,6,43,5,45,5,45,5,45,5,45,31,2369727
999,42,141,77,83,1,3,3,11,5,45,5,45,5,45,5,45,42,2382432
1000,42,89,29,121,1,3,3,26,5,45,5,45,5,45,5,45,42,2376930
1001,42,88,29,84,1,3,0,20,5,45,5,45,5,45,5,45,42,2370601
1002,42,141,47,19,3,4,0,12,3,3,6,2,5,45,5,45,47,2382610
1003,42,141,77,83,3,1,3,40,2,3,5,45,5,45,5,45,77,2382375
1004,42,141,9,163,3,1,4,2,1,42,5,45,5,45,5,45,9,2381302
1005,43,61,52,8,3,7,1,14,3,2,0,16,5,45,5,45,43,2381767
1006,43,160,29,121,3,6,2,7,1,16,5,45,5,45,5,45,43,2380054
1007,43,160,47,21,3,6,6,15,0,15,5,45,5,45,5,45,43,2378902
1008,43,161,29,121,1,3,3,17,5,45,5,45,5,45,5,45,43,2377713
1009,43,161,29,121,3,7,1,11,2,38,3,15,5,45,5,45,43,2376994
1010,43,161,71,123,3,7,2,38,6,8,1,7,5,45,5,45,43,2375768
1011,43,161,29,121,3,6,2,20,6,12,5,45,5,45,5,45,43,2374317
1012,43,161,29,121,3,7,1,43,6,8,4,15,5,45,5,45,43,2374265
1013,43,161,52,8,3,7,6,44,1,21,3,7,5,45,5,45,43,2373794
1014,43,161,52,8,3,7,1,8,4,28,3,8,5,45,5,45,43,2373784
1015,43,115,31,142,3,7,6,41,0,8,1,7,5,45,5,45,43,2372339
1016,43,115,29,120,3,7,3,44,4,15,6,17,5,45,5,45,43,2371508
1017,43,115,33,50,3,7,0,14,1,2,3,17,5,45,5,45,43,2370911
1018,43,115,71,91,3,7,6,21,1,2,0,7,5,45,5,45,43,2368869
1019,43,61,47,19,3,4,2,43,6,12,4,27,5,45,5,45,47,2382602
1020,43,61,9,163,3,1,3,42,2,44,5,45,5,45,5,45,9,2382688
1021,43,61,47,19,3,1,3,43,8,28,5,45,5,45,5,45,47,2382683
1022,43,61,77,83,3,1,4,40,6,43,5,45,5,45,5,45,77,2381759
1023,43,160,77,83,3,1,1,44,2,44,5,45,5,45,5,45,77,2380072
1024,43,160,47,19,3,1,0,43,6,39,5,45,5,45,5,45,47,2380065
1025,43,160,31,132,3,4,3,18,2,17,0,9,5,45,5,45,31,2380046
1026,43,160,71,123,3,1,6,2,2,43,5,45,5,45,5,45,71,2378908
1027,43,161,71,123,3,1,1,44,2,3,5,45,5,45,5,45,71,2377730
1028,43,161,52,8,1,0,6,2,5,45,5,45,5,45,5,45,52,2377697
1029,43,161,77,81,3,4,1,7,2,38,6,3,5,45,5,45,77,2376878
1030,43,161,33,156,3,4,0,5,3,41,4,41,5,45,5,45,33,2376876
1031,43,161,52,8,3,4,3,12,2,40,0,3,5,45,5,45,52,2376491
1032,43,161,77,82,3,1,1,4,6,3,5,45,5,45,5,45,77,2375772
1033,43,161,33,156,3,4,3,38,4,13,6,38,5,45,5,45,33,2375425
1034,43,161,77,82,3,4,1,7,6,40,2,44,5,45,5,45,77,2375413
1035,43,115,33,157,3,4,2,8,3,43,6,3,5,45,5,45,33,2372342
1036,43,115,47,20,3,1,6,3,4,42,5,45,5,45,5,45,47,2371516
1037,43,115,47,20,3,1,3,3,4,41,5,45,5,45,5,45,47,2370918
1038,43,115,33,50,3,1,7,2,1,42,5,45,5,45,5,45,33,2368887
1039,37,58,9,163,3,7,2,44,1,7,4,14,5,45,5,45,37,2382381
1040,37,133,52,8,3,7,4,11,6,40,0,17,5,45,5,45,37,2377727
1041,37,133,77,82,3,6,4,8,1,13,5,45,5,45,5,45,37,2376502
1042,37,133,33,156,1,3,2,7,5,45,5,45,5,45,5,45,37,2376226
1043,37,133,31,142,3,6,4,17,2,14,5,45,5,45,5,45,37,2375071
1044,37,166,52,8,3,6,6,16,4,17,5,45,5,45,5,45,37,2372340
1045,37,166,29,84,3,7,0,41,6,14,7,8,5,45,5,45,37,2370915
1046,37,166,77,82,3,7,4,21,1,3,9,20,5,45,5,45,37,2369495
1047,37,58,9,163,3,4,8,11,2,43,4,44,5,45,5,45,9,2382690
1048,37,58,31,168,3,4,0,44,6,20,2,38,5,45,5,45,31,2382684
1049,37,57,71,123,3,1,1,3,6,38,5,45,5,45,5,45,71,2378457
1050,37,133,33,156,3,4,0,14,6,44,4,9,5,45,5,45,33,2377731
1051,37,133,71,123,3,4,0,18,4,7,2,42,5,45,5,45,71,2377724
1052,37,133,52,8,3,4,0,17,2,18,4,41,5,45,5,45,52,2376507
1053,37,133,29,121,3,4,4,3,1,16,6,3,5,45,5,45,29,2374272
1054,37,167,71,123,3,1,9,3,1,41,5,45,5,45,5,45,71,2373779
1055,37,166,77,82,3,1,6,43,2,28,5,45,5,45,5,45,77,2372347
1056,37,133,47,20,3,1,2,44,4,43,5,45,5,45,5,45,47,2372003
1057,37,133,71,123,3,1,6,3,4,43,5,45,5,45,5,45,71,2371999
1058,37,166,33,50,3,1,0,2,6,9,5,45,5,45,5,45,33,2370917
1059,37,166,71,123,3,1,1,43,6,3,5,45,5,45,5,45,71,2369944
1060,37,166,77,82,1,0,7,38,5,45,5,45,5,45,5,45,77,2369931
1061,37,166,33,50,3,1,9,44,6,43,5,45,5,45,5,45,33,2369502
1062,37,166,33,50,3,4,7,9,1,20,6,41,5,45,5,45,33,2369413
1063,37,166,47,20,1,0,0,4,5,45,5,45,5,45,5,45,47,2369261
1064,46,107,31,168,3,7,0,41,6,17,3,32,5,45,5,45,46,2382582
1065,46,107,33,155,3,7,1,15,0,43,6,8,5,45,5,45,46,2382204
1066,46,107,29,121,3,6,1,7,6,17,5,45,5,45,5,45,46,2380026
1067,46,140,52,8,1,3,3,8,5,45,5,45,5,45,5,45,46,2377708
1068,46,106,71,123,3,7,0,28,6,15,1,20,5,45,5,45,46,2375370
1069,46,106,9,134,3,6,1,13,6,7,5,45,5,45,5,45,46,2372000
1070,46,106,9,134,3,6,4,8,1,15,5,45,5,45,5,45,46,2371427
1071,46,106,29,120,3,6,3,16,9,15,5,45,5,45,5,45,46,2370779
1072,46,107,29,46,3,1,6,9,8,28,5,45,5,45,5,45,29,2382246
1073,46,107,29,46,3,4,8,39,1,8,3,43,5,45,5,45,29,2382227
1074,46,107,52,8,3,4,1,17,4,40,3,44,5,45,5,45,52,2381644
1075,46,107,29,121,3,4,1,44,4,26,3,1,5,45,5,45,29,2380061
1076,46,107,77,83,3,4,1,15,3,38,8,43,5,45,5,45,77,2380040
1077,46,140,47,20,3,1,4,40,6,41,5,45,5,45,5,45,47,2377726
1078,46,140,77,82,3,1,4,38,1,40,5,45,5,45,5,45,77,2377717
1079,46,106,33,156,3,1,1,43,3,43,5,45,5,45,5,45,33,2375389
1080,46,106,71,123,3,1,6,39,9,38,5,45,5,45,5,45,71,2373270
1081,44,26,31,168,1,3,6,17,5,45,5,45,5,45,5,45,44,2382444
1082,44,41,29,84,1,3,6,17,5,45,5,45,5,45,5,45,44,2370610
1083,44,26,71,123,1,0,2,42,5,45,5,45,5,45,5,45,71,2382590
1084,44,26,29,46,1,0,6,39,5,45,5,45,5,45,5,45,29,2382430
1085,44,26,29,46,3,1,2,2,1,41,5,45,5,45,5,45,29,2382678
1086,44,26,33,154,3,1,6,41,3,44,5,45,5,45,5,45,33,2382378
1087,44,26,29,121,3,1,1,42,6,43,5,45,5,45,5,45,29,2379996
1088,44,75,52,8,3,1,2,18,0,39,5,45,5,45,5,45,52,2375351
1089,44,42,9,134,3,1,0,2,1,43,5,45,5,45,5,45,9,2372475
1090,44,42,9,134,3,1,6,44,0,43,5,45,5,45,5,45,9,2372464
1091,44,41,33,50,3,1,1,43,3,3,5,45,5,45,5,45,33,2370916
1092,44,41,29,84,1,0,0,44,5,45,5,45,5,45,5,45,29,2370905
